,State_Tribe_Territory,County_Name,FIPS_State,FIPS_County,date,order_code,Face_Masks_Required_in_Public,Source_of_Action,URL,Citation
821030,WI,Milwaukee County,55,79,4/25/2020,2,,,,
821058,WI,Milwaukee County,55,79,4/26/2020,2,,,,
821087,WI,Milwaukee County,55,79,4/27/2020,2,,,,
821119,WI,Milwaukee County,55,79,4/28/2020,2,,,,
821146,WI,Milwaukee County,55,79,4/10/2020,2,,,,
821147,WI,Milwaukee County,55,79,4/11/2020,2,,,,
821148,WI,Milwaukee County,55,79,4/12/2020,2,,,,
821149,WI,Milwaukee County,55,79,4/13/2020,2,,,,
821150,WI,Milwaukee County,55,79,4/14/2020,2,,,,
821151,WI,Milwaukee County,55,79,4/15/2020,2,,,,
821152,WI,Milwaukee County,55,79,4/16/2020,2,,,,
821153,WI,Milwaukee County,55,79,4/17/2020,2,,,,
821154,WI,Milwaukee County,55,79,4/18/2020,2,,,,
821155,WI,Milwaukee County,55,79,4/19/2020,2,,,,
821156,WI,Milwaukee County,55,79,4/20/2020,2,,,,
821157,WI,Milwaukee County,55,79,4/21/2020,2,,,,
821158,WI,Milwaukee County,55,79,4/22/2020,2,,,,
821159,WI,Milwaukee County,55,79,4/23/2020,2,,,,
821160,WI,Milwaukee County,55,79,4/24/2020,2,,,,
821161,WI,Milwaukee County,55,79,4/29/2020,2,,,,
821162,WI,Milwaukee County,55,79,4/30/2020,2,,,,
821163,WI,Milwaukee County,55,79,5/1/2020,2,,,,
821164,WI,Milwaukee County,55,79,5/2/2020,2,,,,
821165,WI,Milwaukee County,55,79,5/3/2020,2,,,,
821166,WI,Milwaukee County,55,79,5/4/2020,2,,,,
821167,WI,Milwaukee County,55,79,5/5/2020,2,,,,
821168,WI,Milwaukee County,55,79,5/6/2020,2,,,,
821169,WI,Milwaukee County,55,79,5/7/2020,2,,,,
821170,WI,Milwaukee County,55,79,5/8/2020,2,,,,
821171,WI,Milwaukee County,55,79,5/9/2020,2,,,,
821172,WI,Milwaukee County,55,79,5/10/2020,2,,,,
821173,WI,Milwaukee County,55,79,5/11/2020,2,,,,
821174,WI,Milwaukee County,55,79,5/12/2020,2,,,,
821175,WI,Milwaukee County,55,79,5/13/2020,2,,,,
821176,WI,Milwaukee County,55,79,5/14/2020,2,,,,
821177,WI,Milwaukee County,55,79,5/15/2020,2,,,,
821178,WI,Milwaukee County,55,79,5/16/2020,2,,,,
821179,WI,Milwaukee County,55,79,5/17/2020,2,,,,
821180,WI,Milwaukee County,55,79,5/18/2020,2,,,,
821181,WI,Milwaukee County,55,79,5/19/2020,2,,,,
821182,WI,Milwaukee County,55,79,5/20/2020,2,,,,
821183,WI,Milwaukee County,55,79,5/21/2020,2,,,,
821184,WI,Milwaukee County,55,79,5/22/2020,2,,,,
821185,WI,Milwaukee County,55,79,5/23/2020,2,,,,
821186,WI,Milwaukee County,55,79,5/24/2020,2,,,,
821187,WI,Milwaukee County,55,79,5/25/2020,2,,,,
821188,WI,Milwaukee County,55,79,5/26/2020,2,,,,
821189,WI,Milwaukee County,55,79,5/27/2020,2,,,,
821190,WI,Milwaukee County,55,79,5/28/2020,2,,,,
821191,WI,Milwaukee County,55,79,5/29/2020,2,,,,
821192,WI,Milwaukee County,55,79,5/30/2020,2,,,,
821193,WI,Milwaukee County,55,79,5/31/2020,2,,,,
821194,WI,Milwaukee County,55,79,6/1/2020,2,,,,
821195,WI,Milwaukee County,55,79,6/2/2020,2,,,,
821196,WI,Milwaukee County,55,79,6/3/2020,2,,,,
821197,WI,Milwaukee County,55,79,6/4/2020,2,,,,
821198,WI,Milwaukee County,55,79,6/5/2020,2,,,,
821199,WI,Milwaukee County,55,79,6/6/2020,2,,,,
821200,WI,Milwaukee County,55,79,6/7/2020,2,,,,
821201,WI,Milwaukee County,55,79,6/8/2020,2,,,,
821202,WI,Milwaukee County,55,79,6/9/2020,2,,,,
821203,WI,Milwaukee County,55,79,6/10/2020,2,,,,
821204,WI,Milwaukee County,55,79,6/11/2020,2,,,,
821205,WI,Milwaukee County,55,79,6/12/2020,2,,,,
821206,WI,Milwaukee County,55,79,6/13/2020,2,,,,
821207,WI,Milwaukee County,55,79,6/14/2020,2,,,,
821208,WI,Milwaukee County,55,79,6/15/2020,2,,,,
821209,WI,Milwaukee County,55,79,6/16/2020,2,,,,
821210,WI,Milwaukee County,55,79,6/17/2020,2,,,,
821211,WI,Milwaukee County,55,79,6/18/2020,2,,,,
821212,WI,Milwaukee County,55,79,6/19/2020,2,,,,
821213,WI,Milwaukee County,55,79,6/20/2020,2,,,,
821214,WI,Milwaukee County,55,79,6/21/2020,2,,,,
821215,WI,Milwaukee County,55,79,6/22/2020,2,,,,
821216,WI,Milwaukee County,55,79,6/23/2020,2,,,,
821217,WI,Milwaukee County,55,79,6/24/2020,2,,,,
821218,WI,Milwaukee County,55,79,6/25/2020,2,,,,
821219,WI,Milwaukee County,55,79,6/26/2020,2,,,,
821220,WI,Milwaukee County,55,79,6/27/2020,2,,,,
821221,WI,Milwaukee County,55,79,6/28/2020,2,,,,
821222,WI,Milwaukee County,55,79,6/29/2020,2,,,,
821223,WI,Milwaukee County,55,79,6/30/2020,2,,,,
821224,WI,Milwaukee County,55,79,7/1/2020,2,,,,
821225,WI,Milwaukee County,55,79,7/2/2020,2,,,,
821226,WI,Milwaukee County,55,79,7/3/2020,2,,,,
821227,WI,Milwaukee County,55,79,7/4/2020,2,,,,
821228,WI,Milwaukee County,55,79,7/5/2020,2,,,,
821229,WI,Milwaukee County,55,79,7/6/2020,2,,,,
821230,WI,Milwaukee County,55,79,7/7/2020,2,,,,
821231,WI,Milwaukee County,55,79,7/8/2020,2,,,,
821232,WI,Milwaukee County,55,79,7/9/2020,2,,,,
821233,WI,Milwaukee County,55,79,7/10/2020,2,,,,
821234,WI,Milwaukee County,55,79,7/11/2020,2,,,,
821235,WI,Milwaukee County,55,79,7/12/2020,2,,,,
821236,WI,Milwaukee County,55,79,7/13/2020,2,,,,
821237,WI,Milwaukee County,55,79,7/14/2020,2,,,,
821238,WI,Milwaukee County,55,79,7/15/2020,2,,,,
821239,WI,Milwaukee County,55,79,7/16/2020,2,,,,
821240,WI,Milwaukee County,55,79,7/17/2020,2,,,,
821241,WI,Milwaukee County,55,79,7/18/2020,2,,,,
821242,WI,Milwaukee County,55,79,7/19/2020,2,,,,
821243,WI,Milwaukee County,55,79,7/20/2020,2,,,,
821244,WI,Milwaukee County,55,79,7/21/2020,2,,,,
821245,WI,Milwaukee County,55,79,7/22/2020,2,,,,
821246,WI,Milwaukee County,55,79,7/23/2020,2,,,,
821247,WI,Milwaukee County,55,79,7/24/2020,2,,,,
821248,WI,Milwaukee County,55,79,7/25/2020,2,,,,
821249,WI,Milwaukee County,55,79,7/26/2020,2,,,,
821250,WI,Milwaukee County,55,79,7/27/2020,2,,,,
821251,WI,Milwaukee County,55,79,7/28/2020,2,,,,
821252,WI,Milwaukee County,55,79,7/29/2020,2,,,,
821253,WI,Milwaukee County,55,79,7/30/2020,2,,,,
821254,WI,Milwaukee County,55,79,7/31/2020,2,,,,
821255,WI,Milwaukee County,55,79,8/1/2020,1,Yes,Official,https://evers.wi.gov/Documents/COVID19/EmO01-FaceCoverings.pdf?fbclid=IwAR0G-Xy3P7saXbPL_ZHnD2cxAvJ8Uz2gZlN5j7kO0uIqyQhuSLBfaStk7Ho,"Wis. Emerg. Order No. 1 (Jul. 30, 2020)"
821256,WI,Milwaukee County,55,79,8/2/2020,1,Yes,Official,https://evers.wi.gov/Documents/COVID19/EmO01-FaceCoverings.pdf?fbclid=IwAR0G-Xy3P7saXbPL_ZHnD2cxAvJ8Uz2gZlN5j7kO0uIqyQhuSLBfaStk7Ho,"Wis. Emerg. Order No. 1 (Jul. 30, 2020)"
821257,WI,Milwaukee County,55,79,8/3/2020,1,Yes,Official,https://evers.wi.gov/Documents/COVID19/EmO01-FaceCoverings.pdf?fbclid=IwAR0G-Xy3P7saXbPL_ZHnD2cxAvJ8Uz2gZlN5j7kO0uIqyQhuSLBfaStk7Ho,"Wis. Emerg. Order No. 1 (Jul. 30, 2020)"
821258,WI,Milwaukee County,55,79,8/4/2020,1,Yes,Official,https://evers.wi.gov/Documents/COVID19/EmO01-FaceCoverings.pdf?fbclid=IwAR0G-Xy3P7saXbPL_ZHnD2cxAvJ8Uz2gZlN5j7kO0uIqyQhuSLBfaStk7Ho,"Wis. Emerg. Order No. 1 (Jul. 30, 2020)"
821259,WI,Milwaukee County,55,79,8/5/2020,1,Yes,Official,https://evers.wi.gov/Documents/COVID19/EmO01-FaceCoverings.pdf?fbclid=IwAR0G-Xy3P7saXbPL_ZHnD2cxAvJ8Uz2gZlN5j7kO0uIqyQhuSLBfaStk7Ho,"Wis. Emerg. Order No. 1 (Jul. 30, 2020)"
821260,WI,Milwaukee County,55,79,8/6/2020,1,Yes,Official,https://evers.wi.gov/Documents/COVID19/EmO01-FaceCoverings.pdf?fbclid=IwAR0G-Xy3P7saXbPL_ZHnD2cxAvJ8Uz2gZlN5j7kO0uIqyQhuSLBfaStk7Ho,"Wis. Emerg. Order No. 1 (Jul. 30, 2020)"
821261,WI,Milwaukee County,55,79,8/7/2020,1,Yes,Official,https://evers.wi.gov/Documents/COVID19/EmO01-FaceCoverings.pdf?fbclid=IwAR0G-Xy3P7saXbPL_ZHnD2cxAvJ8Uz2gZlN5j7kO0uIqyQhuSLBfaStk7Ho,"Wis. Emerg. Order No. 1 (Jul. 30, 2020)"
821262,WI,Milwaukee County,55,79,8/8/2020,1,Yes,Official,https://evers.wi.gov/Documents/COVID19/EmO01-FaceCoverings.pdf?fbclid=IwAR0G-Xy3P7saXbPL_ZHnD2cxAvJ8Uz2gZlN5j7kO0uIqyQhuSLBfaStk7Ho,"Wis. Emerg. Order No. 1 (Jul. 30, 2020)"
821263,WI,Milwaukee County,55,79,8/9/2020,1,Yes,Official,https://evers.wi.gov/Documents/COVID19/EmO01-FaceCoverings.pdf?fbclid=IwAR0G-Xy3P7saXbPL_ZHnD2cxAvJ8Uz2gZlN5j7kO0uIqyQhuSLBfaStk7Ho,"Wis. Emerg. Order No. 1 (Jul. 30, 2020)"
821264,WI,Milwaukee County,55,79,8/10/2020,1,Yes,Official,https://evers.wi.gov/Documents/COVID19/EmO01-FaceCoverings.pdf?fbclid=IwAR0G-Xy3P7saXbPL_ZHnD2cxAvJ8Uz2gZlN5j7kO0uIqyQhuSLBfaStk7Ho,"Wis. Emerg. Order No. 1 (Jul. 30, 2020)"
821265,WI,Milwaukee County,55,79,8/11/2020,1,Yes,Official,https://evers.wi.gov/Documents/COVID19/EmO01-FaceCoverings.pdf?fbclid=IwAR0G-Xy3P7saXbPL_ZHnD2cxAvJ8Uz2gZlN5j7kO0uIqyQhuSLBfaStk7Ho,"Wis. Emerg. Order No. 1 (Jul. 30, 2020)"
821266,WI,Milwaukee County,55,79,8/12/2020,1,Yes,Official,https://evers.wi.gov/Documents/COVID19/EmO01-FaceCoverings.pdf?fbclid=IwAR0G-Xy3P7saXbPL_ZHnD2cxAvJ8Uz2gZlN5j7kO0uIqyQhuSLBfaStk7Ho,"Wis. Emerg. Order No. 1 (Jul. 30, 2020)"
821267,WI,Milwaukee County,55,79,8/13/2020,1,Yes,Official,https://evers.wi.gov/Documents/COVID19/EmO01-FaceCoverings.pdf?fbclid=IwAR0G-Xy3P7saXbPL_ZHnD2cxAvJ8Uz2gZlN5j7kO0uIqyQhuSLBfaStk7Ho,"Wis. Emerg. Order No. 1 (Jul. 30, 2020)"
821268,WI,Milwaukee County,55,79,8/14/2020,1,Yes,Official,https://evers.wi.gov/Documents/COVID19/EmO01-FaceCoverings.pdf?fbclid=IwAR0G-Xy3P7saXbPL_ZHnD2cxAvJ8Uz2gZlN5j7kO0uIqyQhuSLBfaStk7Ho,"Wis. Emerg. Order No. 1 (Jul. 30, 2020)"
821269,WI,Milwaukee County,55,79,8/15/2020,1,Yes,Official,https://evers.wi.gov/Documents/COVID19/EmO01-FaceCoverings.pdf?fbclid=IwAR0G-Xy3P7saXbPL_ZHnD2cxAvJ8Uz2gZlN5j7kO0uIqyQhuSLBfaStk7Ho,"Wis. Emerg. Order No. 1 (Jul. 30, 2020)"
821270,WI,Milwaukee County,55,79,8/16/2020,1,Yes,Official,https://evers.wi.gov/Documents/COVID19/EmO01-FaceCoverings.pdf?fbclid=IwAR0G-Xy3P7saXbPL_ZHnD2cxAvJ8Uz2gZlN5j7kO0uIqyQhuSLBfaStk7Ho,"Wis. Emerg. Order No. 1 (Jul. 30, 2020)"
821271,WI,Milwaukee County,55,79,8/17/2020,1,Yes,Official,https://evers.wi.gov/Documents/COVID19/EmO01-FaceCoverings.pdf?fbclid=IwAR0G-Xy3P7saXbPL_ZHnD2cxAvJ8Uz2gZlN5j7kO0uIqyQhuSLBfaStk7Ho,"Wis. Emerg. Order No. 1 (Jul. 30, 2020)"
821272,WI,Milwaukee County,55,79,8/18/2020,1,Yes,Official,https://evers.wi.gov/Documents/COVID19/EmO01-FaceCoverings.pdf?fbclid=IwAR0G-Xy3P7saXbPL_ZHnD2cxAvJ8Uz2gZlN5j7kO0uIqyQhuSLBfaStk7Ho,"Wis. Emerg. Order No. 1 (Jul. 30, 2020)"
821273,WI,Milwaukee County,55,79,8/19/2020,1,Yes,Official,https://evers.wi.gov/Documents/COVID19/EmO01-FaceCoverings.pdf?fbclid=IwAR0G-Xy3P7saXbPL_ZHnD2cxAvJ8Uz2gZlN5j7kO0uIqyQhuSLBfaStk7Ho,"Wis. Emerg. Order No. 1 (Jul. 30, 2020)"
821274,WI,Milwaukee County,55,79,8/20/2020,1,Yes,Official,https://evers.wi.gov/Documents/COVID19/EmO01-FaceCoverings.pdf?fbclid=IwAR0G-Xy3P7saXbPL_ZHnD2cxAvJ8Uz2gZlN5j7kO0uIqyQhuSLBfaStk7Ho,"Wis. Emerg. Order No. 1 (Jul. 30, 2020)"
821275,WI,Milwaukee County,55,79,8/21/2020,1,Yes,Official,https://evers.wi.gov/Documents/COVID19/EmO01-FaceCoverings.pdf?fbclid=IwAR0G-Xy3P7saXbPL_ZHnD2cxAvJ8Uz2gZlN5j7kO0uIqyQhuSLBfaStk7Ho,"Wis. Emerg. Order No. 1 (Jul. 30, 2020)"
821276,WI,Milwaukee County,55,79,8/22/2020,1,Yes,Official,https://evers.wi.gov/Documents/COVID19/EmO01-FaceCoverings.pdf?fbclid=IwAR0G-Xy3P7saXbPL_ZHnD2cxAvJ8Uz2gZlN5j7kO0uIqyQhuSLBfaStk7Ho,"Wis. Emerg. Order No. 1 (Jul. 30, 2020)"
821277,WI,Milwaukee County,55,79,8/23/2020,1,Yes,Official,https://evers.wi.gov/Documents/COVID19/EmO01-FaceCoverings.pdf?fbclid=IwAR0G-Xy3P7saXbPL_ZHnD2cxAvJ8Uz2gZlN5j7kO0uIqyQhuSLBfaStk7Ho,"Wis. Emerg. Order No. 1 (Jul. 30, 2020)"
821278,WI,Milwaukee County,55,79,8/24/2020,1,Yes,Official,https://evers.wi.gov/Documents/COVID19/EmO01-FaceCoverings.pdf?fbclid=IwAR0G-Xy3P7saXbPL_ZHnD2cxAvJ8Uz2gZlN5j7kO0uIqyQhuSLBfaStk7Ho,"Wis. Emerg. Order No. 1 (Jul. 30, 2020)"
821279,WI,Milwaukee County,55,79,8/25/2020,1,Yes,Official,https://evers.wi.gov/Documents/COVID19/EmO01-FaceCoverings.pdf?fbclid=IwAR0G-Xy3P7saXbPL_ZHnD2cxAvJ8Uz2gZlN5j7kO0uIqyQhuSLBfaStk7Ho,"Wis. Emerg. Order No. 1 (Jul. 30, 2020)"
821280,WI,Milwaukee County,55,79,8/26/2020,1,Yes,Official,https://evers.wi.gov/Documents/COVID19/EmO01-FaceCoverings.pdf?fbclid=IwAR0G-Xy3P7saXbPL_ZHnD2cxAvJ8Uz2gZlN5j7kO0uIqyQhuSLBfaStk7Ho,"Wis. Emerg. Order No. 1 (Jul. 30, 2020)"
821281,WI,Milwaukee County,55,79,8/27/2020,1,Yes,Official,https://evers.wi.gov/Documents/COVID19/EmO01-FaceCoverings.pdf?fbclid=IwAR0G-Xy3P7saXbPL_ZHnD2cxAvJ8Uz2gZlN5j7kO0uIqyQhuSLBfaStk7Ho,"Wis. Emerg. Order No. 1 (Jul. 30, 2020)"
821282,WI,Milwaukee County,55,79,8/28/2020,1,Yes,Official,https://evers.wi.gov/Documents/COVID19/EmO01-FaceCoverings.pdf?fbclid=IwAR0G-Xy3P7saXbPL_ZHnD2cxAvJ8Uz2gZlN5j7kO0uIqyQhuSLBfaStk7Ho,"Wis. Emerg. Order No. 1 (Jul. 30, 2020)"
821283,WI,Milwaukee County,55,79,8/29/2020,1,Yes,Official,https://evers.wi.gov/Documents/COVID19/EmO01-FaceCoverings.pdf?fbclid=IwAR0G-Xy3P7saXbPL_ZHnD2cxAvJ8Uz2gZlN5j7kO0uIqyQhuSLBfaStk7Ho,"Wis. Emerg. Order No. 1 (Jul. 30, 2020)"
821284,WI,Milwaukee County,55,79,8/30/2020,1,Yes,Official,https://evers.wi.gov/Documents/COVID19/EmO01-FaceCoverings.pdf?fbclid=IwAR0G-Xy3P7saXbPL_ZHnD2cxAvJ8Uz2gZlN5j7kO0uIqyQhuSLBfaStk7Ho,"Wis. Emerg. Order No. 1 (Jul. 30, 2020)"
821285,WI,Milwaukee County,55,79,8/31/2020,1,Yes,Official,https://evers.wi.gov/Documents/COVID19/EmO01-FaceCoverings.pdf?fbclid=IwAR0G-Xy3P7saXbPL_ZHnD2cxAvJ8Uz2gZlN5j7kO0uIqyQhuSLBfaStk7Ho,"Wis. Emerg. Order No. 1 (Jul. 30, 2020)"
821286,WI,Milwaukee County,55,79,9/1/2020,1,Yes,Official,https://evers.wi.gov/Documents/COVID19/EmO01-FaceCoverings.pdf?fbclid=IwAR0G-Xy3P7saXbPL_ZHnD2cxAvJ8Uz2gZlN5j7kO0uIqyQhuSLBfaStk7Ho,"Wis. Emerg. Order No. 1 (Jul. 30, 2020)"
821287,WI,Milwaukee County,55,79,9/2/2020,1,Yes,Official,https://evers.wi.gov/Documents/COVID19/EmO01-FaceCoverings.pdf?fbclid=IwAR0G-Xy3P7saXbPL_ZHnD2cxAvJ8Uz2gZlN5j7kO0uIqyQhuSLBfaStk7Ho,"Wis. Emerg. Order No. 1 (Jul. 30, 2020)"
821288,WI,Milwaukee County,55,79,9/3/2020,1,Yes,Official,https://evers.wi.gov/Documents/COVID19/EmO01-FaceCoverings.pdf?fbclid=IwAR0G-Xy3P7saXbPL_ZHnD2cxAvJ8Uz2gZlN5j7kO0uIqyQhuSLBfaStk7Ho,"Wis. Emerg. Order No. 1 (Jul. 30, 2020)"
821289,WI,Milwaukee County,55,79,9/4/2020,1,Yes,Official,https://evers.wi.gov/Documents/COVID19/EmO01-FaceCoverings.pdf?fbclid=IwAR0G-Xy3P7saXbPL_ZHnD2cxAvJ8Uz2gZlN5j7kO0uIqyQhuSLBfaStk7Ho,"Wis. Emerg. Order No. 1 (Jul. 30, 2020)"
821290,WI,Milwaukee County,55,79,9/5/2020,1,Yes,Official,https://evers.wi.gov/Documents/COVID19/EmO01-FaceCoverings.pdf?fbclid=IwAR0G-Xy3P7saXbPL_ZHnD2cxAvJ8Uz2gZlN5j7kO0uIqyQhuSLBfaStk7Ho,"Wis. Emerg. Order No. 1 (Jul. 30, 2020)"
821291,WI,Milwaukee County,55,79,9/6/2020,1,Yes,Official,https://evers.wi.gov/Documents/COVID19/EmO01-FaceCoverings.pdf?fbclid=IwAR0G-Xy3P7saXbPL_ZHnD2cxAvJ8Uz2gZlN5j7kO0uIqyQhuSLBfaStk7Ho,"Wis. Emerg. Order No. 1 (Jul. 30, 2020)"
821292,WI,Milwaukee County,55,79,9/7/2020,1,Yes,Official,https://evers.wi.gov/Documents/COVID19/EmO01-FaceCoverings.pdf?fbclid=IwAR0G-Xy3P7saXbPL_ZHnD2cxAvJ8Uz2gZlN5j7kO0uIqyQhuSLBfaStk7Ho,"Wis. Emerg. Order No. 1 (Jul. 30, 2020)"
821294,WI,Milwaukee County,55,79,9/8/2020,1,Yes,Official,https://evers.wi.gov/Documents/COVID19/EmO01-FaceCoverings.pdf?fbclid=IwAR0G-Xy3P7saXbPL_ZHnD2cxAvJ8Uz2gZlN5j7kO0uIqyQhuSLBfaStk7Ho,"Wis. Emerg. Order No. 1 (Jul. 30, 2020)"
821295,WI,Milwaukee County,55,79,9/9/2020,1,Yes,Official,https://evers.wi.gov/Documents/COVID19/EmO01-FaceCoverings.pdf?fbclid=IwAR0G-Xy3P7saXbPL_ZHnD2cxAvJ8Uz2gZlN5j7kO0uIqyQhuSLBfaStk7Ho,"Wis. Emerg. Order No. 1 (Jul. 30, 2020)"
821296,WI,Milwaukee County,55,79,9/10/2020,1,Yes,Official,https://evers.wi.gov/Documents/COVID19/EmO01-FaceCoverings.pdf?fbclid=IwAR0G-Xy3P7saXbPL_ZHnD2cxAvJ8Uz2gZlN5j7kO0uIqyQhuSLBfaStk7Ho,"Wis. Emerg. Order No. 1 (Jul. 30, 2020)"
821297,WI,Milwaukee County,55,79,9/11/2020,1,Yes,Official,https://evers.wi.gov/Documents/COVID19/EmO01-FaceCoverings.pdf?fbclid=IwAR0G-Xy3P7saXbPL_ZHnD2cxAvJ8Uz2gZlN5j7kO0uIqyQhuSLBfaStk7Ho,"Wis. Emerg. Order No. 1 (Jul. 30, 2020)"
821298,WI,Milwaukee County,55,79,9/12/2020,1,Yes,Official,https://evers.wi.gov/Documents/COVID19/EmO01-FaceCoverings.pdf?fbclid=IwAR0G-Xy3P7saXbPL_ZHnD2cxAvJ8Uz2gZlN5j7kO0uIqyQhuSLBfaStk7Ho,"Wis. Emerg. Order No. 1 (Jul. 30, 2020)"
821299,WI,Milwaukee County,55,79,9/13/2020,1,Yes,Official,https://evers.wi.gov/Documents/COVID19/EmO01-FaceCoverings.pdf?fbclid=IwAR0G-Xy3P7saXbPL_ZHnD2cxAvJ8Uz2gZlN5j7kO0uIqyQhuSLBfaStk7Ho,"Wis. Emerg. Order No. 1 (Jul. 30, 2020)"
821300,WI,Milwaukee County,55,79,9/14/2020,1,Yes,Official,https://evers.wi.gov/Documents/COVID19/EmO01-FaceCoverings.pdf?fbclid=IwAR0G-Xy3P7saXbPL_ZHnD2cxAvJ8Uz2gZlN5j7kO0uIqyQhuSLBfaStk7Ho,"Wis. Emerg. Order No. 1 (Jul. 30, 2020)"
821301,WI,Milwaukee County,55,79,9/15/2020,1,Yes,Official,https://evers.wi.gov/Documents/COVID19/EmO01-FaceCoverings.pdf?fbclid=IwAR0G-Xy3P7saXbPL_ZHnD2cxAvJ8Uz2gZlN5j7kO0uIqyQhuSLBfaStk7Ho,"Wis. Emerg. Order No. 1 (Jul. 30, 2020)"
821302,WI,Milwaukee County,55,79,9/16/2020,1,Yes,Official,https://evers.wi.gov/Documents/COVID19/EmO01-FaceCoverings.pdf?fbclid=IwAR0G-Xy3P7saXbPL_ZHnD2cxAvJ8Uz2gZlN5j7kO0uIqyQhuSLBfaStk7Ho,"Wis. Emerg. Order No. 1 (Jul. 30, 2020)"
821303,WI,Milwaukee County,55,79,9/17/2020,1,Yes,Official,https://evers.wi.gov/Documents/COVID19/EmO01-FaceCoverings.pdf?fbclid=IwAR0G-Xy3P7saXbPL_ZHnD2cxAvJ8Uz2gZlN5j7kO0uIqyQhuSLBfaStk7Ho,"Wis. Emerg. Order No. 1 (Jul. 30, 2020)"
821304,WI,Milwaukee County,55,79,9/18/2020,1,Yes,Official,https://evers.wi.gov/Documents/COVID19/EmO01-FaceCoverings.pdf?fbclid=IwAR0G-Xy3P7saXbPL_ZHnD2cxAvJ8Uz2gZlN5j7kO0uIqyQhuSLBfaStk7Ho,"Wis. Emerg. Order No. 1 (Jul. 30, 2020)"
821305,WI,Milwaukee County,55,79,9/19/2020,1,Yes,Official,https://evers.wi.gov/Documents/COVID19/EmO01-FaceCoverings.pdf?fbclid=IwAR0G-Xy3P7saXbPL_ZHnD2cxAvJ8Uz2gZlN5j7kO0uIqyQhuSLBfaStk7Ho,"Wis. Emerg. Order No. 1 (Jul. 30, 2020)"
821306,WI,Milwaukee County,55,79,9/20/2020,1,Yes,Official,https://evers.wi.gov/Documents/COVID19/EmO01-FaceCoverings.pdf?fbclid=IwAR0G-Xy3P7saXbPL_ZHnD2cxAvJ8Uz2gZlN5j7kO0uIqyQhuSLBfaStk7Ho,"Wis. Emerg. Order No. 1 (Jul. 30, 2020)"
821307,WI,Milwaukee County,55,79,9/21/2020,1,Yes,Official,https://evers.wi.gov/Documents/COVID19/EmO01-FaceCoverings.pdf?fbclid=IwAR0G-Xy3P7saXbPL_ZHnD2cxAvJ8Uz2gZlN5j7kO0uIqyQhuSLBfaStk7Ho,"Wis. Emerg. Order No. 1 (Jul. 30, 2020)"
821308,WI,Milwaukee County,55,79,9/22/2020,1,Yes,Official,https://content.govdelivery.com/attachments/WIGOV/2020/09/22/file_attachments/1552176/EmO01-SeptFaceCoverings.pdf,"Wis. Emerg. Order No. 1 (Sep. 22, 2020)"
821309,WI,Milwaukee County,55,79,9/23/2020,1,Yes,Official,https://content.govdelivery.com/attachments/WIGOV/2020/09/22/file_attachments/1552176/EmO01-SeptFaceCoverings.pdf,"Wis. Emerg. Order No. 1 (Sep. 22, 2020)"
821310,WI,Milwaukee County,55,79,9/24/2020,1,Yes,Official,https://content.govdelivery.com/attachments/WIGOV/2020/09/22/file_attachments/1552176/EmO01-SeptFaceCoverings.pdf,"Wis. Emerg. Order No. 1 (Sep. 22, 2020)"
821311,WI,Milwaukee County,55,79,9/25/2020,1,Yes,Official,https://content.govdelivery.com/attachments/WIGOV/2020/09/22/file_attachments/1552176/EmO01-SeptFaceCoverings.pdf,"Wis. Emerg. Order No. 1 (Sep. 22, 2020)"
821312,WI,Milwaukee County,55,79,9/26/2020,1,Yes,Official,https://content.govdelivery.com/attachments/WIGOV/2020/09/22/file_attachments/1552176/EmO01-SeptFaceCoverings.pdf,"Wis. Emerg. Order No. 1 (Sep. 22, 2020)"
821313,WI,Milwaukee County,55,79,9/27/2020,1,Yes,Official,https://content.govdelivery.com/attachments/WIGOV/2020/09/22/file_attachments/1552176/EmO01-SeptFaceCoverings.pdf,"Wis. Emerg. Order No. 1 (Sep. 22, 2020)"
821314,WI,Milwaukee County,55,79,9/28/2020,1,Yes,Official,https://content.govdelivery.com/attachments/WIGOV/2020/09/22/file_attachments/1552176/EmO01-SeptFaceCoverings.pdf,"Wis. Emerg. Order No. 1 (Sep. 22, 2020)"
821315,WI,Milwaukee County,55,79,9/29/2020,1,Yes,Official,https://content.govdelivery.com/attachments/WIGOV/2020/09/22/file_attachments/1552176/EmO01-SeptFaceCoverings.pdf,"Wis. Emerg. Order No. 1 (Sep. 22, 2020)"
821316,WI,Milwaukee County,55,79,9/30/2020,1,Yes,Official,https://content.govdelivery.com/attachments/WIGOV/2020/09/22/file_attachments/1552176/EmO01-SeptFaceCoverings.pdf,"Wis. Emerg. Order No. 1 (Sep. 22, 2020)"
821317,WI,Milwaukee County,55,79,10/1/2020,1,Yes,Official,https://content.govdelivery.com/attachments/WIGOV/2020/09/22/file_attachments/1552176/EmO01-SeptFaceCoverings.pdf,"Wis. Emerg. Order No. 1 (Sep. 22, 2020)"
821318,WI,Milwaukee County,55,79,10/2/2020,1,Yes,Official,https://content.govdelivery.com/attachments/WIGOV/2020/09/22/file_attachments/1552176/EmO01-SeptFaceCoverings.pdf,"Wis. Emerg. Order No. 1 (Sep. 22, 2020)"
821319,WI,Milwaukee County,55,79,10/3/2020,1,Yes,Official,https://content.govdelivery.com/attachments/WIGOV/2020/09/22/file_attachments/1552176/EmO01-SeptFaceCoverings.pdf,"Wis. Emerg. Order No. 1 (Sep. 22, 2020)"
821320,WI,Milwaukee County,55,79,10/4/2020,1,Yes,Official,https://content.govdelivery.com/attachments/WIGOV/2020/09/22/file_attachments/1552176/EmO01-SeptFaceCoverings.pdf,"Wis. Emerg. Order No. 1 (Sep. 22, 2020)"
821322,WI,Milwaukee County,55,79,10/5/2020,1,Yes,Official,https://content.govdelivery.com/attachments/WIGOV/2020/09/22/file_attachments/1552176/EmO01-SeptFaceCoverings.pdf,"Wis. Emerg. Order No. 1 (Sep. 22, 2020)"
821323,WI,Milwaukee County,55,79,10/6/2020,1,Yes,Official,https://content.govdelivery.com/attachments/WIGOV/2020/09/22/file_attachments/1552176/EmO01-SeptFaceCoverings.pdf,"Wis. Emerg. Order No. 1 (Sep. 22, 2020)"
821324,WI,Milwaukee County,55,79,10/7/2020,1,Yes,Official,https://content.govdelivery.com/attachments/WIGOV/2020/09/22/file_attachments/1552176/EmO01-SeptFaceCoverings.pdf,"Wis. Emerg. Order No. 1 (Sep. 22, 2020)"
821325,WI,Milwaukee County,55,79,10/8/2020,1,Yes,Official,https://content.govdelivery.com/attachments/WIGOV/2020/09/22/file_attachments/1552176/EmO01-SeptFaceCoverings.pdf,"Wis. Emerg. Order No. 1 (Sep. 22, 2020)"
821326,WI,Milwaukee County,55,79,10/9/2020,1,Yes,Official,https://content.govdelivery.com/attachments/WIGOV/2020/09/22/file_attachments/1552176/EmO01-SeptFaceCoverings.pdf,"Wis. Emerg. Order No. 1 (Sep. 22, 2020)"
821327,WI,Milwaukee County,55,79,10/10/2020,1,Yes,Official,https://content.govdelivery.com/attachments/WIGOV/2020/09/22/file_attachments/1552176/EmO01-SeptFaceCoverings.pdf,"Wis. Emerg. Order No. 1 (Sep. 22, 2020)"
821328,WI,Milwaukee County,55,79,10/11/2020,1,Yes,Official,https://content.govdelivery.com/attachments/WIGOV/2020/09/22/file_attachments/1552176/EmO01-SeptFaceCoverings.pdf,"Wis. Emerg. Order No. 1 (Sep. 22, 2020)"
821329,WI,Milwaukee County,55,79,10/12/2020,1,Yes,Official,https://content.govdelivery.com/attachments/WIGOV/2020/09/22/file_attachments/1552176/EmO01-SeptFaceCoverings.pdf,"Wis. Emerg. Order No. 1 (Sep. 22, 2020)"
821330,WI,Milwaukee County,55,79,10/13/2020,1,Yes,Official,https://content.govdelivery.com/attachments/WIGOV/2020/09/22/file_attachments/1552176/EmO01-SeptFaceCoverings.pdf,"Wis. Emerg. Order No. 1 (Sep. 22, 2020)"
821331,WI,Milwaukee County,55,79,10/14/2020,1,Yes,Official,https://content.govdelivery.com/attachments/WIGOV/2020/09/22/file_attachments/1552176/EmO01-SeptFaceCoverings.pdf,"Wis. Emerg. Order No. 1 (Sep. 22, 2020)"
821332,WI,Milwaukee County,55,79,10/15/2020,1,Yes,Official,https://content.govdelivery.com/attachments/WIGOV/2020/09/22/file_attachments/1552176/EmO01-SeptFaceCoverings.pdf,"Wis. Emerg. Order No. 1 (Sep. 22, 2020)"
821333,WI,Milwaukee County,55,79,10/16/2020,1,Yes,Official,https://content.govdelivery.com/attachments/WIGOV/2020/09/22/file_attachments/1552176/EmO01-SeptFaceCoverings.pdf,"Wis. Emerg. Order No. 1 (Sep. 22, 2020)"
821334,WI,Milwaukee County,55,79,10/17/2020,1,Yes,Official,https://content.govdelivery.com/attachments/WIGOV/2020/09/22/file_attachments/1552176/EmO01-SeptFaceCoverings.pdf,"Wis. Emerg. Order No. 1 (Sep. 22, 2020)"
821335,WI,Milwaukee County,55,79,10/18/2020,1,Yes,Official,https://content.govdelivery.com/attachments/WIGOV/2020/09/22/file_attachments/1552176/EmO01-SeptFaceCoverings.pdf,"Wis. Emerg. Order No. 1 (Sep. 22, 2020)"
821336,WI,Milwaukee County,55,79,10/19/2020,1,Yes,Official,https://content.govdelivery.com/attachments/WIGOV/2020/09/22/file_attachments/1552176/EmO01-SeptFaceCoverings.pdf,"Wis. Emerg. Order No. 1 (Sep. 22, 2020)"
821337,WI,Milwaukee County,55,79,10/20/2020,1,Yes,Official,https://content.govdelivery.com/attachments/WIGOV/2020/09/22/file_attachments/1552176/EmO01-SeptFaceCoverings.pdf,"Wis. Emerg. Order No. 1 (Sep. 22, 2020)"
821338,WI,Milwaukee County,55,79,10/21/2020,1,Yes,Official,https://content.govdelivery.com/attachments/WIGOV/2020/09/22/file_attachments/1552176/EmO01-SeptFaceCoverings.pdf,"Wis. Emerg. Order No. 1 (Sep. 22, 2020)"
821339,WI,Milwaukee County,55,79,10/22/2020,1,Yes,Official,https://content.govdelivery.com/attachments/WIGOV/2020/09/22/file_attachments/1552176/EmO01-SeptFaceCoverings.pdf,"Wis. Emerg. Order No. 1 (Sep. 22, 2020)"
821340,WI,Milwaukee County,55,79,10/23/2020,1,Yes,Official,https://content.govdelivery.com/attachments/WIGOV/2020/09/22/file_attachments/1552176/EmO01-SeptFaceCoverings.pdf,"Wis. Emerg. Order No. 1 (Sep. 22, 2020)"
821341,WI,Milwaukee County,55,79,10/24/2020,1,Yes,Official,https://content.govdelivery.com/attachments/WIGOV/2020/09/22/file_attachments/1552176/EmO01-SeptFaceCoverings.pdf,"Wis. Emerg. Order No. 1 (Sep. 22, 2020)"
821342,WI,Milwaukee County,55,79,10/25/2020,1,Yes,Official,https://content.govdelivery.com/attachments/WIGOV/2020/09/22/file_attachments/1552176/EmO01-SeptFaceCoverings.pdf,"Wis. Emerg. Order No. 1 (Sep. 22, 2020)"
821343,WI,Milwaukee County,55,79,10/26/2020,1,Yes,Official,https://content.govdelivery.com/attachments/WIGOV/2020/09/22/file_attachments/1552176/EmO01-SeptFaceCoverings.pdf,"Wis. Emerg. Order No. 1 (Sep. 22, 2020)"
821344,WI,Milwaukee County,55,79,10/27/2020,1,Yes,Official,https://content.govdelivery.com/attachments/WIGOV/2020/09/22/file_attachments/1552176/EmO01-SeptFaceCoverings.pdf,"Wis. Emerg. Order No. 1 (Sep. 22, 2020)"
821345,WI,Milwaukee County,55,79,10/28/2020,1,Yes,Official,https://content.govdelivery.com/attachments/WIGOV/2020/09/22/file_attachments/1552176/EmO01-SeptFaceCoverings.pdf,"Wis. Emerg. Order No. 1 (Sep. 22, 2020)"
821346,WI,Milwaukee County,55,79,10/29/2020,1,Yes,Official,https://content.govdelivery.com/attachments/WIGOV/2020/09/22/file_attachments/1552176/EmO01-SeptFaceCoverings.pdf,"Wis. Emerg. Order No. 1 (Sep. 22, 2020)"
821347,WI,Milwaukee County,55,79,10/30/2020,1,Yes,Official,https://content.govdelivery.com/attachments/WIGOV/2020/09/22/file_attachments/1552176/EmO01-SeptFaceCoverings.pdf,"Wis. Emerg. Order No. 1 (Sep. 22, 2020)"
821348,WI,Milwaukee County,55,79,10/31/2020,1,Yes,Official,https://content.govdelivery.com/attachments/WIGOV/2020/09/22/file_attachments/1552176/EmO01-SeptFaceCoverings.pdf,"Wis. Emerg. Order No. 1 (Sep. 22, 2020)"
821349,WI,Milwaukee County,55,79,11/1/2020,1,Yes,Official,https://content.govdelivery.com/attachments/WIGOV/2020/09/22/file_attachments/1552176/EmO01-SeptFaceCoverings.pdf,"Wis. Emerg. Order No. 1 (Sep. 22, 2020)"
821351,WI,Milwaukee County,55,79,11/2/2020,1,Yes,Official,https://content.govdelivery.com/attachments/WIGOV/2020/09/22/file_attachments/1552176/EmO01-SeptFaceCoverings.pdf,"Wis. Emerg. Order No. 1 (Sep. 22, 2020)"
821352,WI,Milwaukee County,55,79,11/3/2020,1,Yes,Official,https://content.govdelivery.com/attachments/WIGOV/2020/09/22/file_attachments/1552176/EmO01-SeptFaceCoverings.pdf,"Wis. Emerg. Order No. 1 (Sep. 22, 2020)"
821353,WI,Milwaukee County,55,79,11/4/2020,1,Yes,Official,https://content.govdelivery.com/attachments/WIGOV/2020/09/22/file_attachments/1552176/EmO01-SeptFaceCoverings.pdf,"Wis. Emerg. Order No. 1 (Sep. 22, 2020)"
821354,WI,Milwaukee County,55,79,11/5/2020,1,Yes,Official,https://content.govdelivery.com/attachments/WIGOV/2020/09/22/file_attachments/1552176/EmO01-SeptFaceCoverings.pdf,"Wis. Emerg. Order No. 1 (Sep. 22, 2020)"
821355,WI,Milwaukee County,55,79,11/6/2020,1,Yes,Official,https://content.govdelivery.com/attachments/WIGOV/2020/09/22/file_attachments/1552176/EmO01-SeptFaceCoverings.pdf,"Wis. Emerg. Order No. 1 (Sep. 22, 2020)"
821356,WI,Milwaukee County,55,79,11/7/2020,1,Yes,Official,https://content.govdelivery.com/attachments/WIGOV/2020/09/22/file_attachments/1552176/EmO01-SeptFaceCoverings.pdf,"Wis. Emerg. Order No. 1 (Sep. 22, 2020)"
821357,WI,Milwaukee County,55,79,11/8/2020,1,Yes,Official,https://content.govdelivery.com/attachments/WIGOV/2020/09/22/file_attachments/1552176/EmO01-SeptFaceCoverings.pdf,"Wis. Emerg. Order No. 1 (Sep. 22, 2020)"
821358,WI,Milwaukee County,55,79,11/9/2020,1,Yes,Official,https://content.govdelivery.com/attachments/WIGOV/2020/09/22/file_attachments/1552176/EmO01-SeptFaceCoverings.pdf,"Wis. Emerg. Order No. 1 (Sep. 22, 2020)"
821359,WI,Milwaukee County,55,79,11/10/2020,1,Yes,Official,https://content.govdelivery.com/attachments/WIGOV/2020/09/22/file_attachments/1552176/EmO01-SeptFaceCoverings.pdf,"Wis. Emerg. Order No. 1 (Sep. 22, 2020)"
821360,WI,Milwaukee County,55,79,11/11/2020,1,Yes,Official,https://content.govdelivery.com/attachments/WIGOV/2020/09/22/file_attachments/1552176/EmO01-SeptFaceCoverings.pdf,"Wis. Emerg. Order No. 1 (Sep. 22, 2020)"
821361,WI,Milwaukee County,55,79,11/12/2020,1,Yes,Official,https://content.govdelivery.com/attachments/WIGOV/2020/09/22/file_attachments/1552176/EmO01-SeptFaceCoverings.pdf,"Wis. Emerg. Order No. 1 (Sep. 22, 2020)"
821362,WI,Milwaukee County,55,79,11/13/2020,1,Yes,Official,https://content.govdelivery.com/attachments/WIGOV/2020/09/22/file_attachments/1552176/EmO01-SeptFaceCoverings.pdf,"Wis. Emerg. Order No. 1 (Sep. 22, 2020)"
821363,WI,Milwaukee County,55,79,11/14/2020,1,Yes,Official,https://content.govdelivery.com/attachments/WIGOV/2020/09/22/file_attachments/1552176/EmO01-SeptFaceCoverings.pdf,"Wis. Emerg. Order No. 1 (Sep. 22, 2020)"
821364,WI,Milwaukee County,55,79,11/15/2020,1,Yes,Official,https://content.govdelivery.com/attachments/WIGOV/2020/09/22/file_attachments/1552176/EmO01-SeptFaceCoverings.pdf,"Wis. Emerg. Order No. 1 (Sep. 22, 2020)"
821365,WI,Milwaukee County,55,79,11/16/2020,1,Yes,Official,https://content.govdelivery.com/attachments/WIGOV/2020/09/22/file_attachments/1552176/EmO01-SeptFaceCoverings.pdf,"Wis. Emerg. Order No. 1 (Sep. 22, 2020)"
821366,WI,Milwaukee County,55,79,11/17/2020,1,Yes,Official,https://content.govdelivery.com/attachments/WIGOV/2020/09/22/file_attachments/1552176/EmO01-SeptFaceCoverings.pdf,"Wis. Emerg. Order No. 1 (Sep. 22, 2020)"
821367,WI,Milwaukee County,55,79,11/18/2020,1,Yes,Official,https://content.govdelivery.com/attachments/WIGOV/2020/09/22/file_attachments/1552176/EmO01-SeptFaceCoverings.pdf,"Wis. Emerg. Order No. 1 (Sep. 22, 2020)"
821368,WI,Milwaukee County,55,79,11/19/2020,1,Yes,Official,https://content.govdelivery.com/attachments/WIGOV/2020/09/22/file_attachments/1552176/EmO01-SeptFaceCoverings.pdf,"Wis. Emerg. Order No. 1 (Sep. 22, 2020)"
821369,WI,Milwaukee County,55,79,11/20/2020,1,Yes,Official,https://evers.wi.gov/Documents/COVID19/EMO01-NovFaceCovering.pdf,"Wis. Emerg. Order No. 1 (Nov. 20, 2020)"
821370,WI,Milwaukee County,55,79,11/21/2020,1,Yes,Official,https://evers.wi.gov/Documents/COVID19/EMO01-NovFaceCovering.pdf,"Wis. Emerg. Order No. 1 (Nov. 20, 2020)"
821371,WI,Milwaukee County,55,79,11/22/2020,1,Yes,Official,https://evers.wi.gov/Documents/COVID19/EMO01-NovFaceCovering.pdf,"Wis. Emerg. Order No. 1 (Nov. 20, 2020)"
821372,WI,Milwaukee County,55,79,11/23/2020,1,Yes,Official,https://evers.wi.gov/Documents/COVID19/EMO01-NovFaceCovering.pdf,"Wis. Emerg. Order No. 1 (Nov. 20, 2020)"
821373,WI,Milwaukee County,55,79,11/24/2020,1,Yes,Official,https://evers.wi.gov/Documents/COVID19/EMO01-NovFaceCovering.pdf,"Wis. Emerg. Order No. 1 (Nov. 20, 2020)"
821374,WI,Milwaukee County,55,79,11/25/2020,1,Yes,Official,https://evers.wi.gov/Documents/COVID19/EMO01-NovFaceCovering.pdf,"Wis. Emerg. Order No. 1 (Nov. 20, 2020)"
821375,WI,Milwaukee County,55,79,11/26/2020,1,Yes,Official,https://evers.wi.gov/Documents/COVID19/EMO01-NovFaceCovering.pdf,"Wis. Emerg. Order No. 1 (Nov. 20, 2020)"
821376,WI,Milwaukee County,55,79,11/27/2020,1,Yes,Official,https://evers.wi.gov/Documents/COVID19/EMO01-NovFaceCovering.pdf,"Wis. Emerg. Order No. 1 (Nov. 20, 2020)"
821377,WI,Milwaukee County,55,79,11/28/2020,1,Yes,Official,https://evers.wi.gov/Documents/COVID19/EMO01-NovFaceCovering.pdf,"Wis. Emerg. Order No. 1 (Nov. 20, 2020)"
821378,WI,Milwaukee County,55,79,11/29/2020,1,Yes,Official,https://evers.wi.gov/Documents/COVID19/EMO01-NovFaceCovering.pdf,"Wis. Emerg. Order No. 1 (Nov. 20, 2020)"
821379,WI,Milwaukee County,55,79,11/30/2020,1,Yes,Official,https://evers.wi.gov/Documents/COVID19/EMO01-NovFaceCovering.pdf,"Wis. Emerg. Order No. 1 (Nov. 20, 2020)"
821380,WI,Milwaukee County,55,79,12/1/2020,1,Yes,Official,https://evers.wi.gov/Documents/COVID19/EMO01-NovFaceCovering.pdf,"Wis. Emerg. Order No. 1 (Nov. 20, 2020)"
821382,WI,Milwaukee County,55,79,12/2/2020,1,Yes,Official,https://evers.wi.gov/Documents/COVID19/EMO01-NovFaceCovering.pdf,"Wis. Emerg. Order No. 1 (Nov. 20, 2020)"
821383,WI,Milwaukee County,55,79,12/3/2020,1,Yes,Official,https://evers.wi.gov/Documents/COVID19/EMO01-NovFaceCovering.pdf,"Wis. Emerg. Order No. 1 (Nov. 20, 2020)"
821384,WI,Milwaukee County,55,79,12/4/2020,1,Yes,Official,https://evers.wi.gov/Documents/COVID19/EMO01-NovFaceCovering.pdf,"Wis. Emerg. Order No. 1 (Nov. 20, 2020)"
821385,WI,Milwaukee County,55,79,12/5/2020,1,Yes,Official,https://evers.wi.gov/Documents/COVID19/EMO01-NovFaceCovering.pdf,"Wis. Emerg. Order No. 1 (Nov. 20, 2020)"
821386,WI,Milwaukee County,55,79,12/6/2020,1,Yes,Official,https://evers.wi.gov/Documents/COVID19/EMO01-NovFaceCovering.pdf,"Wis. Emerg. Order No. 1 (Nov. 20, 2020)"
821387,WI,Milwaukee County,55,79,12/7/2020,1,Yes,Official,https://evers.wi.gov/Documents/COVID19/EMO01-NovFaceCovering.pdf,"Wis. Emerg. Order No. 1 (Nov. 20, 2020)"
821388,WI,Milwaukee County,55,79,12/8/2020,1,Yes,Official,https://evers.wi.gov/Documents/COVID19/EMO01-NovFaceCovering.pdf,"Wis. Emerg. Order No. 1 (Nov. 20, 2020)"
821389,WI,Milwaukee County,55,79,12/9/2020,1,Yes,Official,https://evers.wi.gov/Documents/COVID19/EMO01-NovFaceCovering.pdf,"Wis. Emerg. Order No. 1 (Nov. 20, 2020)"
821390,WI,Milwaukee County,55,79,12/10/2020,1,Yes,Official,https://evers.wi.gov/Documents/COVID19/EMO01-NovFaceCovering.pdf,"Wis. Emerg. Order No. 1 (Nov. 20, 2020)"
821391,WI,Milwaukee County,55,79,12/11/2020,1,Yes,Official,https://evers.wi.gov/Documents/COVID19/EMO01-NovFaceCovering.pdf,"Wis. Emerg. Order No. 1 (Nov. 20, 2020)"
821392,WI,Milwaukee County,55,79,12/12/2020,1,Yes,Official,https://evers.wi.gov/Documents/COVID19/EMO01-NovFaceCovering.pdf,"Wis. Emerg. Order No. 1 (Nov. 20, 2020)"
821393,WI,Milwaukee County,55,79,12/13/2020,1,Yes,Official,https://evers.wi.gov/Documents/COVID19/EMO01-NovFaceCovering.pdf,"Wis. Emerg. Order No. 1 (Nov. 20, 2020)"
821394,WI,Milwaukee County,55,79,12/14/2020,1,Yes,Official,https://evers.wi.gov/Documents/COVID19/EMO01-NovFaceCovering.pdf,"Wis. Emerg. Order No. 1 (Nov. 20, 2020)"
821395,WI,Milwaukee County,55,79,12/15/2020,1,Yes,Official,https://evers.wi.gov/Documents/COVID19/EMO01-NovFaceCovering.pdf,"Wis. Emerg. Order No. 1 (Nov. 20, 2020)"
821396,WI,Milwaukee County,55,79,12/16/2020,1,Yes,Official,https://evers.wi.gov/Documents/COVID19/EMO01-NovFaceCovering.pdf,"Wis. Emerg. Order No. 1 (Nov. 20, 2020)"
821397,WI,Milwaukee County,55,79,12/17/2020,1,Yes,Official,https://evers.wi.gov/Documents/COVID19/EMO01-NovFaceCovering.pdf,"Wis. Emerg. Order No. 1 (Nov. 20, 2020)"
821398,WI,Milwaukee County,55,79,12/18/2020,1,Yes,Official,https://evers.wi.gov/Documents/COVID19/EMO01-NovFaceCovering.pdf,"Wis. Emerg. Order No. 1 (Nov. 20, 2020)"
821399,WI,Milwaukee County,55,79,12/19/2020,1,Yes,Official,https://evers.wi.gov/Documents/COVID19/EMO01-NovFaceCovering.pdf,"Wis. Emerg. Order No. 1 (Nov. 20, 2020)"
821400,WI,Milwaukee County,55,79,12/20/2020,1,Yes,Official,https://evers.wi.gov/Documents/COVID19/EMO01-NovFaceCovering.pdf,"Wis. Emerg. Order No. 1 (Nov. 20, 2020)"
821401,WI,Milwaukee County,55,79,12/21/2020,1,Yes,Official,https://evers.wi.gov/Documents/COVID19/EMO01-NovFaceCovering.pdf,"Wis. Emerg. Order No. 1 (Nov. 20, 2020)"
821402,WI,Milwaukee County,55,79,12/22/2020,1,Yes,Official,https://evers.wi.gov/Documents/COVID19/EMO01-NovFaceCovering.pdf,"Wis. Emerg. Order No. 1 (Nov. 20, 2020)"
821403,WI,Milwaukee County,55,79,12/23/2020,1,Yes,Official,https://evers.wi.gov/Documents/COVID19/EMO01-NovFaceCovering.pdf,"Wis. Emerg. Order No. 1 (Nov. 20, 2020)"
821404,WI,Milwaukee County,55,79,12/24/2020,1,Yes,Official,https://evers.wi.gov/Documents/COVID19/EMO01-NovFaceCovering.pdf,"Wis. Emerg. Order No. 1 (Nov. 20, 2020)"
821405,WI,Milwaukee County,55,79,12/25/2020,1,Yes,Official,https://evers.wi.gov/Documents/COVID19/EMO01-NovFaceCovering.pdf,"Wis. Emerg. Order No. 1 (Nov. 20, 2020)"
821406,WI,Milwaukee County,55,79,12/26/2020,1,Yes,Official,https://evers.wi.gov/Documents/COVID19/EMO01-NovFaceCovering.pdf,"Wis. Emerg. Order No. 1 (Nov. 20, 2020)"
821407,WI,Milwaukee County,55,79,12/27/2020,1,Yes,Official,https://evers.wi.gov/Documents/COVID19/EMO01-NovFaceCovering.pdf,"Wis. Emerg. Order No. 1 (Nov. 20, 2020)"
821408,WI,Milwaukee County,55,79,12/28/2020,1,Yes,Official,https://evers.wi.gov/Documents/COVID19/EMO01-NovFaceCovering.pdf,"Wis. Emerg. Order No. 1 (Nov. 20, 2020)"
821409,WI,Milwaukee County,55,79,12/29/2020,1,Yes,Official,https://evers.wi.gov/Documents/COVID19/EMO01-NovFaceCovering.pdf,"Wis. Emerg. Order No. 1 (Nov. 20, 2020)"
821410,WI,Milwaukee County,55,79,12/30/2020,1,Yes,Official,https://evers.wi.gov/Documents/COVID19/EMO01-NovFaceCovering.pdf,"Wis. Emerg. Order No. 1 (Nov. 20, 2020)"
821411,WI,Milwaukee County,55,79,12/31/2020,1,Yes,Official,https://evers.wi.gov/Documents/COVID19/EMO01-NovFaceCovering.pdf,"Wis. Emerg. Order No. 1 (Nov. 20, 2020)"
1560946,WI,Milwaukee County,55,79,1/1/2021,1,Yes,Official,https://evers.wi.gov/Documents/COVID19/EMO01-NovFaceCovering.pdf,"Wis. Emerg. Order No. 1 (Nov. 20, 2020)"
1560947,WI,Milwaukee County,55,79,1/2/2021,1,Yes,Official,https://evers.wi.gov/Documents/COVID19/EMO01-NovFaceCovering.pdf,"Wis. Emerg. Order No. 1 (Nov. 20, 2020)"
1560948,WI,Milwaukee County,55,79,1/3/2021,1,Yes,Official,https://evers.wi.gov/Documents/COVID19/EMO01-NovFaceCovering.pdf,"Wis. Emerg. Order No. 1 (Nov. 20, 2020)"
1560949,WI,Milwaukee County,55,79,1/4/2021,1,Yes,Official,https://evers.wi.gov/Documents/COVID19/EMO01-NovFaceCovering.pdf,"Wis. Emerg. Order No. 1 (Nov. 20, 2020)"
1560950,WI,Milwaukee County,55,79,1/5/2021,1,Yes,Official,https://evers.wi.gov/Documents/COVID19/EMO01-NovFaceCovering.pdf,"Wis. Emerg. Order No. 1 (Nov. 20, 2020)"
1560951,WI,Milwaukee County,55,79,1/6/2021,1,Yes,Official,https://evers.wi.gov/Documents/COVID19/EMO01-NovFaceCovering.pdf,"Wis. Emerg. Order No. 1 (Nov. 20, 2020)"
1560952,WI,Milwaukee County,55,79,1/7/2021,1,Yes,Official,https://evers.wi.gov/Documents/COVID19/EMO01-NovFaceCovering.pdf,"Wis. Emerg. Order No. 1 (Nov. 20, 2020)"
1560953,WI,Milwaukee County,55,79,1/8/2021,1,Yes,Official,https://evers.wi.gov/Documents/COVID19/EMO01-NovFaceCovering.pdf,"Wis. Emerg. Order No. 1 (Nov. 20, 2020)"
1560954,WI,Milwaukee County,55,79,1/9/2021,1,Yes,Official,https://evers.wi.gov/Documents/COVID19/EMO01-NovFaceCovering.pdf,"Wis. Emerg. Order No. 1 (Nov. 20, 2020)"
1560955,WI,Milwaukee County,55,79,1/10/2021,1,Yes,Official,https://evers.wi.gov/Documents/COVID19/EMO01-NovFaceCovering.pdf,"Wis. Emerg. Order No. 1 (Nov. 20, 2020)"
1560956,WI,Milwaukee County,55,79,1/11/2021,1,Yes,Official,https://evers.wi.gov/Documents/COVID19/EMO01-NovFaceCovering.pdf,"Wis. Emerg. Order No. 1 (Nov. 20, 2020)"
1560957,WI,Milwaukee County,55,79,1/12/2021,1,Yes,Official,https://evers.wi.gov/Documents/COVID19/EMO01-NovFaceCovering.pdf,"Wis. Emerg. Order No. 1 (Nov. 20, 2020)"
1560958,WI,Milwaukee County,55,79,1/13/2021,1,Yes,Official,https://evers.wi.gov/Documents/COVID19/EMO01-NovFaceCovering.pdf,"Wis. Emerg. Order No. 1 (Nov. 20, 2020)"
1560959,WI,Milwaukee County,55,79,1/14/2021,1,Yes,Official,https://evers.wi.gov/Documents/COVID19/EMO01-NovFaceCovering.pdf,"Wis. Emerg. Order No. 1 (Nov. 20, 2020)"
1560960,WI,Milwaukee County,55,79,1/15/2021,1,Yes,Official,https://evers.wi.gov/Documents/COVID19/EMO01-NovFaceCovering.pdf,"Wis. Emerg. Order No. 1 (Nov. 20, 2020)"
1560961,WI,Milwaukee County,55,79,1/16/2021,1,Yes,Official,https://evers.wi.gov/Documents/COVID19/EMO01-NovFaceCovering.pdf,"Wis. Emerg. Order No. 1 (Nov. 20, 2020)"
1560962,WI,Milwaukee County,55,79,1/17/2021,1,Yes,Official,https://evers.wi.gov/Documents/COVID19/EMO01-NovFaceCovering.pdf,"Wis. Emerg. Order No. 1 (Nov. 20, 2020)"
1560963,WI,Milwaukee County,55,79,1/18/2021,1,Yes,Official,https://evers.wi.gov/Documents/COVID19/EMO01-NovFaceCovering.pdf,"Wis. Emerg. Order No. 1 (Nov. 20, 2020)"
1560964,WI,Milwaukee County,55,79,1/19/2021,1,Yes,Official,https://evers.wi.gov/Documents/COVID19/EmO01-JanFaceCoverings.pdf,"Wis. Emerg. Order No. 1 (Jan. 19, 2021)"
1560965,WI,Milwaukee County,55,79,1/20/2021,1,Yes,Official,https://evers.wi.gov/Documents/COVID19/EmO01-JanFaceCoverings.pdf,"Wis. Emerg. Order No. 1 (Jan. 19, 2021)"
1560966,WI,Milwaukee County,55,79,1/21/2021,1,Yes,Official,https://evers.wi.gov/Documents/COVID19/EmO01-JanFaceCoverings.pdf,"Wis. Emerg. Order No. 1 (Jan. 19, 2021)"
1560967,WI,Milwaukee County,55,79,1/22/2021,1,Yes,Official,https://evers.wi.gov/Documents/COVID19/EmO01-JanFaceCoverings.pdf,"Wis. Emerg. Order No. 1 (Jan. 19, 2021)"
1560968,WI,Milwaukee County,55,79,1/23/2021,1,Yes,Official,https://evers.wi.gov/Documents/COVID19/EmO01-JanFaceCoverings.pdf,"Wis. Emerg. Order No. 1 (Jan. 19, 2021)"
1560969,WI,Milwaukee County,55,79,1/24/2021,1,Yes,Official,https://evers.wi.gov/Documents/COVID19/EmO01-JanFaceCoverings.pdf,"Wis. Emerg. Order No. 1 (Jan. 19, 2021)"
1560970,WI,Milwaukee County,55,79,1/25/2021,1,Yes,Official,https://evers.wi.gov/Documents/COVID19/EmO01-JanFaceCoverings.pdf,"Wis. Emerg. Order No. 1 (Jan. 19, 2021)"
1560971,WI,Milwaukee County,55,79,1/26/2021,1,Yes,Official,https://evers.wi.gov/Documents/COVID19/EmO01-JanFaceCoverings.pdf,"Wis. Emerg. Order No. 1 (Jan. 19, 2021)"
1560972,WI,Milwaukee County,55,79,1/27/2021,1,Yes,Official,https://evers.wi.gov/Documents/COVID19/EmO01-JanFaceCoverings.pdf,"Wis. Emerg. Order No. 1 (Jan. 19, 2021)"
1560973,WI,Milwaukee County,55,79,1/28/2021,1,Yes,Official,https://evers.wi.gov/Documents/COVID19/EmO01-JanFaceCoverings.pdf,"Wis. Emerg. Order No. 1 (Jan. 19, 2021)"
1560974,WI,Milwaukee County,55,79,1/29/2021,1,Yes,Official,https://evers.wi.gov/Documents/COVID19/EmO01-JanFaceCoverings.pdf,"Wis. Emerg. Order No. 1 (Jan. 19, 2021)"
1560975,WI,Milwaukee County,55,79,1/30/2021,1,Yes,Official,https://evers.wi.gov/Documents/COVID19/EmO01-JanFaceCoverings.pdf,"Wis. Emerg. Order No. 1 (Jan. 19, 2021)"
1560976,WI,Milwaukee County,55,79,1/31/2021,1,Yes,Official,https://evers.wi.gov/Documents/COVID19/EmO01-JanFaceCoverings.pdf,"Wis. Emerg. Order No. 1 (Jan. 19, 2021)"
1560977,WI,Milwaukee County,55,79,2/1/2021,1,Yes,Official,https://evers.wi.gov/Documents/COVID19/EmO01-JanFaceCoverings.pdf,"Wis. Emerg. Order No. 1 (Jan. 19, 2021)"
1560978,WI,Milwaukee County,55,79,2/2/2021,1,Yes,Official,https://evers.wi.gov/Documents/COVID19/EmO01-JanFaceCoverings.pdf,"Wis. Emerg. Order No. 1 (Jan. 19, 2021)"
1560979,WI,Milwaukee County,55,79,2/3/2021,1,Yes,Official,https://evers.wi.gov/Documents/COVID19/EmO01-JanFaceCoverings.pdf,"Wis. Emerg. Order No. 1 (Jan. 19, 2021)"
1560980,WI,Milwaukee County,55,79,2/4/2021,1,Yes,Official,https://content.govdelivery.com/attachments/WIGOV/2021/02/04/file_attachments/1684996/2020_02_04%20FebFaceCovering.pdf,"Wis. Emerg Order No. 1 (Feb. 4, 2021)"
1560981,WI,Milwaukee County,55,79,2/5/2021,1,Yes,Official,https://content.govdelivery.com/attachments/WIGOV/2021/02/04/file_attachments/1684996/2020_02_04%20FebFaceCovering.pdf,"Wis. Emerg Order No. 1 (Feb. 4, 2021)"
1560982,WI,Milwaukee County,55,79,2/6/2021,1,Yes,Official,https://content.govdelivery.com/attachments/WIGOV/2021/02/04/file_attachments/1684996/2020_02_04%20FebFaceCovering.pdf,"Wis. Emerg Order No. 1 (Feb. 4, 2021)"
1560983,WI,Milwaukee County,55,79,2/7/2021,1,Yes,Official,https://content.govdelivery.com/attachments/WIGOV/2021/02/04/file_attachments/1684996/2020_02_04%20FebFaceCovering.pdf,"Wis. Emerg Order No. 1 (Feb. 4, 2021)"
1560984,WI,Milwaukee County,55,79,2/8/2021,1,Yes,Official,https://content.govdelivery.com/attachments/WIGOV/2021/02/04/file_attachments/1684996/2020_02_04%20FebFaceCovering.pdf,"Wis. Emerg Order No. 1 (Feb. 4, 2021)"
1560985,WI,Milwaukee County,55,79,2/9/2021,1,Yes,Official,https://content.govdelivery.com/attachments/WIGOV/2021/02/04/file_attachments/1684996/2020_02_04%20FebFaceCovering.pdf,"Wis. Emerg Order No. 1 (Feb. 4, 2021)"
1560986,WI,Milwaukee County,55,79,2/10/2021,1,Yes,Official,https://content.govdelivery.com/attachments/WIGOV/2021/02/04/file_attachments/1684996/2020_02_04%20FebFaceCovering.pdf,"Wis. Emerg Order No. 1 (Feb. 4, 2021)"
1560987,WI,Milwaukee County,55,79,2/11/2021,1,Yes,Official,https://content.govdelivery.com/attachments/WIGOV/2021/02/04/file_attachments/1684996/2020_02_04%20FebFaceCovering.pdf,"Wis. Emerg Order No. 1 (Feb. 4, 2021)"
1560988,WI,Milwaukee County,55,79,2/12/2021,1,Yes,Official,https://content.govdelivery.com/attachments/WIGOV/2021/02/04/file_attachments/1684996/2020_02_04%20FebFaceCovering.pdf,"Wis. Emerg Order No. 1 (Feb. 4, 2021)"
1560989,WI,Milwaukee County,55,79,2/13/2021,1,Yes,Official,https://content.govdelivery.com/attachments/WIGOV/2021/02/04/file_attachments/1684996/2020_02_04%20FebFaceCovering.pdf,"Wis. Emerg Order No. 1 (Feb. 4, 2021)"
1560990,WI,Milwaukee County,55,79,2/14/2021,1,Yes,Official,https://content.govdelivery.com/attachments/WIGOV/2021/02/04/file_attachments/1684996/2020_02_04%20FebFaceCovering.pdf,"Wis. Emerg Order No. 1 (Feb. 4, 2021)"
1560991,WI,Milwaukee County,55,79,2/15/2021,1,Yes,Official,https://content.govdelivery.com/attachments/WIGOV/2021/02/04/file_attachments/1684996/2020_02_04%20FebFaceCovering.pdf,"Wis. Emerg Order No. 1 (Feb. 4, 2021)"
1560992,WI,Milwaukee County,55,79,2/16/2021,1,Yes,Official,https://content.govdelivery.com/attachments/WIGOV/2021/02/04/file_attachments/1684996/2020_02_04%20FebFaceCovering.pdf,"Wis. Emerg Order No. 1 (Feb. 4, 2021)"
1560993,WI,Milwaukee County,55,79,2/17/2021,1,Yes,Official,https://content.govdelivery.com/attachments/WIGOV/2021/02/04/file_attachments/1684996/2020_02_04%20FebFaceCovering.pdf,"Wis. Emerg Order No. 1 (Feb. 4, 2021)"
1560994,WI,Milwaukee County,55,79,2/18/2021,1,Yes,Official,https://content.govdelivery.com/attachments/WIGOV/2021/02/04/file_attachments/1684996/2020_02_04%20FebFaceCovering.pdf,"Wis. Emerg Order No. 1 (Feb. 4, 2021)"
1560996,WI,Milwaukee County,55,79,2/19/2021,1,Yes,Official,https://content.govdelivery.com/attachments/WIGOV/2021/02/04/file_attachments/1684996/2020_02_04%20FebFaceCovering.pdf,"Wis. Emerg Order No. 1 (Feb. 4, 2021)"
1560997,WI,Milwaukee County,55,79,2/20/2021,1,Yes,Official,https://content.govdelivery.com/attachments/WIGOV/2021/02/04/file_attachments/1684996/2020_02_04%20FebFaceCovering.pdf,"Wis. Emerg Order No. 1 (Feb. 4, 2021)"
1560998,WI,Milwaukee County,55,79,2/21/2021,1,Yes,Official,https://content.govdelivery.com/attachments/WIGOV/2021/02/04/file_attachments/1684996/2020_02_04%20FebFaceCovering.pdf,"Wis. Emerg Order No. 1 (Feb. 4, 2021)"
1560999,WI,Milwaukee County,55,79,2/22/2021,1,Yes,Official,https://content.govdelivery.com/attachments/WIGOV/2021/02/04/file_attachments/1684996/2020_02_04%20FebFaceCovering.pdf,"Wis. Emerg Order No. 1 (Feb. 4, 2021)"
1561000,WI,Milwaukee County,55,79,2/23/2021,1,Yes,Official,https://content.govdelivery.com/attachments/WIGOV/2021/02/04/file_attachments/1684996/2020_02_04%20FebFaceCovering.pdf,"Wis. Emerg Order No. 1 (Feb. 4, 2021)"
1561001,WI,Milwaukee County,55,79,2/24/2021,1,Yes,Official,https://content.govdelivery.com/attachments/WIGOV/2021/02/04/file_attachments/1684996/2020_02_04%20FebFaceCovering.pdf,"Wis. Emerg Order No. 1 (Feb. 4, 2021)"
1561002,WI,Milwaukee County,55,79,2/25/2021,1,Yes,Official,https://content.govdelivery.com/attachments/WIGOV/2021/02/04/file_attachments/1684996/2020_02_04%20FebFaceCovering.pdf,"Wis. Emerg Order No. 1 (Feb. 4, 2021)"
1561003,WI,Milwaukee County,55,79,2/26/2021,1,Yes,Official,https://content.govdelivery.com/attachments/WIGOV/2021/02/04/file_attachments/1684996/2020_02_04%20FebFaceCovering.pdf,"Wis. Emerg Order No. 1 (Feb. 4, 2021)"
1561004,WI,Milwaukee County,55,79,2/27/2021,1,Yes,Official,https://content.govdelivery.com/attachments/WIGOV/2021/02/04/file_attachments/1684996/2020_02_04%20FebFaceCovering.pdf,"Wis. Emerg Order No. 1 (Feb. 4, 2021)"
1561005,WI,Milwaukee County,55,79,2/28/2021,1,Yes,Official,https://content.govdelivery.com/attachments/WIGOV/2021/02/04/file_attachments/1684996/2020_02_04%20FebFaceCovering.pdf,"Wis. Emerg Order No. 1 (Feb. 4, 2021)"
1561006,WI,Milwaukee County,55,79,3/1/2021,1,Yes,Official,https://content.govdelivery.com/attachments/WIGOV/2021/02/04/file_attachments/1684996/2020_02_04%20FebFaceCovering.pdf,"Wis. Emerg Order No. 1 (Feb. 4, 2021)"
1561007,WI,Milwaukee County,55,79,3/2/2021,1,Yes,Official,https://content.govdelivery.com/attachments/WIGOV/2021/02/04/file_attachments/1684996/2020_02_04%20FebFaceCovering.pdf,"Wis. Emerg Order No. 1 (Feb. 4, 2021)"
1561008,WI,Milwaukee County,55,79,3/3/2021,1,Yes,Official,https://content.govdelivery.com/attachments/WIGOV/2021/02/04/file_attachments/1684996/2020_02_04%20FebFaceCovering.pdf,"Wis. Emerg Order No. 1 (Feb. 4, 2021)"
1561009,WI,Milwaukee County,55,79,3/4/2021,1,Yes,Official,https://content.govdelivery.com/attachments/WIGOV/2021/02/04/file_attachments/1684996/2020_02_04%20FebFaceCovering.pdf,"Wis. Emerg Order No. 1 (Feb. 4, 2021)"
1561010,WI,Milwaukee County,55,79,3/5/2021,1,Yes,Official,https://content.govdelivery.com/attachments/WIGOV/2021/02/04/file_attachments/1684996/2020_02_04%20FebFaceCovering.pdf,"Wis. Emerg Order No. 1 (Feb. 4, 2021)"
1561011,WI,Milwaukee County,55,79,3/6/2021,1,Yes,Official,https://content.govdelivery.com/attachments/WIGOV/2021/02/04/file_attachments/1684996/2020_02_04%20FebFaceCovering.pdf,"Wis. Emerg Order No. 1 (Feb. 4, 2021)"
1561012,WI,Milwaukee County,55,79,3/7/2021,1,Yes,Official,https://content.govdelivery.com/attachments/WIGOV/2021/02/04/file_attachments/1684996/2020_02_04%20FebFaceCovering.pdf,"Wis. Emerg Order No. 1 (Feb. 4, 2021)"
1561013,WI,Milwaukee County,55,79,3/8/2021,1,Yes,Official,https://content.govdelivery.com/attachments/WIGOV/2021/02/04/file_attachments/1684996/2020_02_04%20FebFaceCovering.pdf,"Wis. Emerg Order No. 1 (Feb. 4, 2021)"
1561014,WI,Milwaukee County,55,79,3/9/2021,1,Yes,Official,https://content.govdelivery.com/attachments/WIGOV/2021/02/04/file_attachments/1684996/2020_02_04%20FebFaceCovering.pdf,"Wis. Emerg Order No. 1 (Feb. 4, 2021)"
1561015,WI,Milwaukee County,55,79,3/10/2021,1,Yes,Official,https://content.govdelivery.com/attachments/WIGOV/2021/02/04/file_attachments/1684996/2020_02_04%20FebFaceCovering.pdf,"Wis. Emerg Order No. 1 (Feb. 4, 2021)"
1561016,WI,Milwaukee County,55,79,3/11/2021,1,Yes,Official,https://content.govdelivery.com/attachments/WIGOV/2021/02/04/file_attachments/1684996/2020_02_04%20FebFaceCovering.pdf,"Wis. Emerg Order No. 1 (Feb. 4, 2021)"
1561017,WI,Milwaukee County,55,79,3/12/2021,1,Yes,Official,https://content.govdelivery.com/attachments/WIGOV/2021/02/04/file_attachments/1684996/2020_02_04%20FebFaceCovering.pdf,"Wis. Emerg Order No. 1 (Feb. 4, 2021)"
1561018,WI,Milwaukee County,55,79,3/13/2021,1,Yes,Official,https://content.govdelivery.com/attachments/WIGOV/2021/02/04/file_attachments/1684996/2020_02_04%20FebFaceCovering.pdf,"Wis. Emerg Order No. 1 (Feb. 4, 2021)"
1561019,WI,Milwaukee County,55,79,3/14/2021,1,Yes,Official,https://content.govdelivery.com/attachments/WIGOV/2021/02/04/file_attachments/1684996/2020_02_04%20FebFaceCovering.pdf,"Wis. Emerg Order No. 1 (Feb. 4, 2021)"
1561020,WI,Milwaukee County,55,79,3/15/2021,1,Yes,Official,https://content.govdelivery.com/attachments/WIGOV/2021/02/04/file_attachments/1684996/2020_02_04%20FebFaceCovering.pdf,"Wis. Emerg Order No. 1 (Feb. 4, 2021)"
1561021,WI,Milwaukee County,55,79,3/16/2021,1,Yes,Official,https://content.govdelivery.com/attachments/WIGOV/2021/02/04/file_attachments/1684996/2020_02_04%20FebFaceCovering.pdf,"Wis. Emerg Order No. 1 (Feb. 4, 2021)"
1561022,WI,Milwaukee County,55,79,3/17/2021,1,Yes,Official,https://content.govdelivery.com/attachments/WIGOV/2021/02/04/file_attachments/1684996/2020_02_04%20FebFaceCovering.pdf,"Wis. Emerg Order No. 1 (Feb. 4, 2021)"
1561023,WI,Milwaukee County,55,79,4/16/2021,2,No,Official,https://www.wicourts.gov/sc/opinion/DisplayDocument.pdf?content=pdf&seqNo=352043,"Fabick v. Evers, 2021 WI 28 (Mar. 31, 2021)"
1561024,WI,Milwaukee County,55,79,3/18/2021,1,Yes,Official,https://content.govdelivery.com/attachments/WIGOV/2021/02/04/file_attachments/1684996/2020_02_04%20FebFaceCovering.pdf,"Wis. Emerg Order No. 1 (Feb. 4, 2021)"
1561025,WI,Milwaukee County,55,79,3/19/2021,1,Yes,Official,https://content.govdelivery.com/attachments/WIGOV/2021/02/04/file_attachments/1684996/2020_02_04%20FebFaceCovering.pdf,"Wis. Emerg Order No. 1 (Feb. 4, 2021)"
1561026,WI,Milwaukee County,55,79,3/20/2021,1,Yes,Official,https://content.govdelivery.com/attachments/WIGOV/2021/02/04/file_attachments/1684996/2020_02_04%20FebFaceCovering.pdf,"Wis. Emerg Order No. 1 (Feb. 4, 2021)"
1561027,WI,Milwaukee County,55,79,3/21/2021,1,Yes,Official,https://content.govdelivery.com/attachments/WIGOV/2021/02/04/file_attachments/1684996/2020_02_04%20FebFaceCovering.pdf,"Wis. Emerg Order No. 1 (Feb. 4, 2021)"
1561028,WI,Milwaukee County,55,79,3/22/2021,1,Yes,Official,https://content.govdelivery.com/attachments/WIGOV/2021/02/04/file_attachments/1684996/2020_02_04%20FebFaceCovering.pdf,"Wis. Emerg Order No. 1 (Feb. 4, 2021)"
1561029,WI,Milwaukee County,55,79,3/23/2021,1,Yes,Official,https://content.govdelivery.com/attachments/WIGOV/2021/02/04/file_attachments/1684996/2020_02_04%20FebFaceCovering.pdf,"Wis. Emerg Order No. 1 (Feb. 4, 2021)"
1561030,WI,Milwaukee County,55,79,3/24/2021,1,Yes,Official,https://content.govdelivery.com/attachments/WIGOV/2021/02/04/file_attachments/1684996/2020_02_04%20FebFaceCovering.pdf,"Wis. Emerg Order No. 1 (Feb. 4, 2021)"
1561031,WI,Milwaukee County,55,79,3/25/2021,1,Yes,Official,https://content.govdelivery.com/attachments/WIGOV/2021/02/04/file_attachments/1684996/2020_02_04%20FebFaceCovering.pdf,"Wis. Emerg Order No. 1 (Feb. 4, 2021)"
1561032,WI,Milwaukee County,55,79,3/26/2021,1,Yes,Official,https://content.govdelivery.com/attachments/WIGOV/2021/02/04/file_attachments/1684996/2020_02_04%20FebFaceCovering.pdf,"Wis. Emerg Order No. 1 (Feb. 4, 2021)"
1561033,WI,Milwaukee County,55,79,3/27/2021,1,Yes,Official,https://content.govdelivery.com/attachments/WIGOV/2021/02/04/file_attachments/1684996/2020_02_04%20FebFaceCovering.pdf,"Wis. Emerg Order No. 1 (Feb. 4, 2021)"
1561034,WI,Milwaukee County,55,79,3/28/2021,1,Yes,Official,https://content.govdelivery.com/attachments/WIGOV/2021/02/04/file_attachments/1684996/2020_02_04%20FebFaceCovering.pdf,"Wis. Emerg Order No. 1 (Feb. 4, 2021)"
1561035,WI,Milwaukee County,55,79,3/29/2021,1,Yes,Official,https://content.govdelivery.com/attachments/WIGOV/2021/02/04/file_attachments/1684996/2020_02_04%20FebFaceCovering.pdf,"Wis. Emerg Order No. 1 (Feb. 4, 2021)"
1561036,WI,Milwaukee County,55,79,3/30/2021,1,Yes,Official,https://content.govdelivery.com/attachments/WIGOV/2021/02/04/file_attachments/1684996/2020_02_04%20FebFaceCovering.pdf,"Wis. Emerg Order No. 1 (Feb. 4, 2021)"
1561037,WI,Milwaukee County,55,79,3/31/2021,2,No,Official,https://www.wicourts.gov/sc/opinion/DisplayDocument.pdf?content=pdf&seqNo=352043,"Fabick v. Evers, 2021 WI 28 (Mar. 31, 2021)"
1561038,WI,Milwaukee County,55,79,4/1/2021,2,No,Official,https://www.wicourts.gov/sc/opinion/DisplayDocument.pdf?content=pdf&seqNo=352043,"Fabick v. Evers, 2021 WI 28 (Mar. 31, 2021)"
1561039,WI,Milwaukee County,55,79,4/2/2021,2,No,Official,https://www.wicourts.gov/sc/opinion/DisplayDocument.pdf?content=pdf&seqNo=352043,"Fabick v. Evers, 2021 WI 28 (Mar. 31, 2021)"
1561040,WI,Milwaukee County,55,79,4/3/2021,2,No,Official,https://www.wicourts.gov/sc/opinion/DisplayDocument.pdf?content=pdf&seqNo=352043,"Fabick v. Evers, 2021 WI 28 (Mar. 31, 2021)"
1561041,WI,Milwaukee County,55,79,4/4/2021,2,No,Official,https://www.wicourts.gov/sc/opinion/DisplayDocument.pdf?content=pdf&seqNo=352043,"Fabick v. Evers, 2021 WI 28 (Mar. 31, 2021)"
1561042,WI,Milwaukee County,55,79,4/5/2021,2,No,Official,https://www.wicourts.gov/sc/opinion/DisplayDocument.pdf?content=pdf&seqNo=352043,"Fabick v. Evers, 2021 WI 28 (Mar. 31, 2021)"
1561043,WI,Milwaukee County,55,79,4/6/2021,2,No,Official,https://www.wicourts.gov/sc/opinion/DisplayDocument.pdf?content=pdf&seqNo=352043,"Fabick v. Evers, 2021 WI 28 (Mar. 31, 2021)"
1561044,WI,Milwaukee County,55,79,4/7/2021,2,No,Official,https://www.wicourts.gov/sc/opinion/DisplayDocument.pdf?content=pdf&seqNo=352043,"Fabick v. Evers, 2021 WI 28 (Mar. 31, 2021)"
1561045,WI,Milwaukee County,55,79,4/8/2021,2,No,Official,https://www.wicourts.gov/sc/opinion/DisplayDocument.pdf?content=pdf&seqNo=352043,"Fabick v. Evers, 2021 WI 28 (Mar. 31, 2021)"
1561046,WI,Milwaukee County,55,79,4/9/2021,2,No,Official,https://www.wicourts.gov/sc/opinion/DisplayDocument.pdf?content=pdf&seqNo=352043,"Fabick v. Evers, 2021 WI 28 (Mar. 31, 2021)"
1561047,WI,Milwaukee County,55,79,4/10/2021,2,No,Official,https://www.wicourts.gov/sc/opinion/DisplayDocument.pdf?content=pdf&seqNo=352043,"Fabick v. Evers, 2021 WI 28 (Mar. 31, 2021)"
1561048,WI,Milwaukee County,55,79,4/11/2021,2,No,Official,https://www.wicourts.gov/sc/opinion/DisplayDocument.pdf?content=pdf&seqNo=352043,"Fabick v. Evers, 2021 WI 28 (Mar. 31, 2021)"
1561049,WI,Milwaukee County,55,79,4/12/2021,2,No,Official,https://www.wicourts.gov/sc/opinion/DisplayDocument.pdf?content=pdf&seqNo=352043,"Fabick v. Evers, 2021 WI 28 (Mar. 31, 2021)"
1561050,WI,Milwaukee County,55,79,4/13/2021,2,No,Official,https://www.wicourts.gov/sc/opinion/DisplayDocument.pdf?content=pdf&seqNo=352043,"Fabick v. Evers, 2021 WI 28 (Mar. 31, 2021)"
1561051,WI,Milwaukee County,55,79,4/14/2021,2,No,Official,https://www.wicourts.gov/sc/opinion/DisplayDocument.pdf?content=pdf&seqNo=352043,"Fabick v. Evers, 2021 WI 28 (Mar. 31, 2021)"
1561052,WI,Milwaukee County,55,79,4/15/2021,2,No,Official,https://www.wicourts.gov/sc/opinion/DisplayDocument.pdf?content=pdf&seqNo=352043,"Fabick v. Evers, 2021 WI 28 (Mar. 31, 2021)"
1561054,WI,Milwaukee County,55,79,4/17/2021,2,No,Official,https://www.wicourts.gov/sc/opinion/DisplayDocument.pdf?content=pdf&seqNo=352043,"Fabick v. Evers, 2021 WI 28 (Mar. 31, 2021)"
1561055,WI,Milwaukee County,55,79,4/18/2021,2,No,Official,https://www.wicourts.gov/sc/opinion/DisplayDocument.pdf?content=pdf&seqNo=352043,"Fabick v. Evers, 2021 WI 28 (Mar. 31, 2021)"
1561056,WI,Milwaukee County,55,79,4/19/2021,2,No,Official,https://www.wicourts.gov/sc/opinion/DisplayDocument.pdf?content=pdf&seqNo=352043,"Fabick v. Evers, 2021 WI 28 (Mar. 31, 2021)"
1561057,WI,Milwaukee County,55,79,4/20/2021,2,No,Official,https://www.wicourts.gov/sc/opinion/DisplayDocument.pdf?content=pdf&seqNo=352043,"Fabick v. Evers, 2021 WI 28 (Mar. 31, 2021)"
1561058,WI,Milwaukee County,55,79,4/21/2021,2,No,Official,https://www.wicourts.gov/sc/opinion/DisplayDocument.pdf?content=pdf&seqNo=352043,"Fabick v. Evers, 2021 WI 28 (Mar. 31, 2021)"
1561059,WI,Milwaukee County,55,79,4/22/2021,2,No,Official,https://www.wicourts.gov/sc/opinion/DisplayDocument.pdf?content=pdf&seqNo=352043,"Fabick v. Evers, 2021 WI 28 (Mar. 31, 2021)"
1561060,WI,Milwaukee County,55,79,4/23/2021,2,No,Official,https://www.wicourts.gov/sc/opinion/DisplayDocument.pdf?content=pdf&seqNo=352043,"Fabick v. Evers, 2021 WI 28 (Mar. 31, 2021)"
1561061,WI,Milwaukee County,55,79,4/24/2021,2,No,Official,https://www.wicourts.gov/sc/opinion/DisplayDocument.pdf?content=pdf&seqNo=352043,"Fabick v. Evers, 2021 WI 28 (Mar. 31, 2021)"
1561062,WI,Milwaukee County,55,79,4/25/2021,2,No,Official,https://www.wicourts.gov/sc/opinion/DisplayDocument.pdf?content=pdf&seqNo=352043,"Fabick v. Evers, 2021 WI 28 (Mar. 31, 2021)"
1561063,WI,Milwaukee County,55,79,4/26/2021,2,No,Official,https://www.wicourts.gov/sc/opinion/DisplayDocument.pdf?content=pdf&seqNo=352043,"Fabick v. Evers, 2021 WI 28 (Mar. 31, 2021)"
1561064,WI,Milwaukee County,55,79,4/27/2021,2,No,Official,https://www.wicourts.gov/sc/opinion/DisplayDocument.pdf?content=pdf&seqNo=352043,"Fabick v. Evers, 2021 WI 28 (Mar. 31, 2021)"
1561065,WI,Milwaukee County,55,79,4/28/2021,2,No,Official,https://www.wicourts.gov/sc/opinion/DisplayDocument.pdf?content=pdf&seqNo=352043,"Fabick v. Evers, 2021 WI 28 (Mar. 31, 2021)"
1561066,WI,Milwaukee County,55,79,4/29/2021,2,No,Official,https://www.wicourts.gov/sc/opinion/DisplayDocument.pdf?content=pdf&seqNo=352043,"Fabick v. Evers, 2021 WI 28 (Mar. 31, 2021)"
1561067,WI,Milwaukee County,55,79,4/30/2021,2,No,Official,https://www.wicourts.gov/sc/opinion/DisplayDocument.pdf?content=pdf&seqNo=352043,"Fabick v. Evers, 2021 WI 28 (Mar. 31, 2021)"
1561068,WI,Milwaukee County,55,79,5/1/2021,2,No,Official,https://www.wicourts.gov/sc/opinion/DisplayDocument.pdf?content=pdf&seqNo=352043,"Fabick v. Evers, 2021 WI 28 (Mar. 31, 2021)"
1561069,WI,Milwaukee County,55,79,5/2/2021,2,No,Official,https://www.wicourts.gov/sc/opinion/DisplayDocument.pdf?content=pdf&seqNo=352043,"Fabick v. Evers, 2021 WI 28 (Mar. 31, 2021)"
1561070,WI,Milwaukee County,55,79,5/3/2021,2,No,Official,https://www.wicourts.gov/sc/opinion/DisplayDocument.pdf?content=pdf&seqNo=352043,"Fabick v. Evers, 2021 WI 28 (Mar. 31, 2021)"
1561071,WI,Milwaukee County,55,79,5/4/2021,2,No,Official,https://www.wicourts.gov/sc/opinion/DisplayDocument.pdf?content=pdf&seqNo=352043,"Fabick v. Evers, 2021 WI 28 (Mar. 31, 2021)"
1561072,WI,Milwaukee County,55,79,5/5/2021,2,No,Official,https://www.wicourts.gov/sc/opinion/DisplayDocument.pdf?content=pdf&seqNo=352043,"Fabick v. Evers, 2021 WI 28 (Mar. 31, 2021)"
1561073,WI,Milwaukee County,55,79,5/6/2021,2,No,Official,https://www.wicourts.gov/sc/opinion/DisplayDocument.pdf?content=pdf&seqNo=352043,"Fabick v. Evers, 2021 WI 28 (Mar. 31, 2021)"
1561074,WI,Milwaukee County,55,79,5/7/2021,2,No,Official,https://www.wicourts.gov/sc/opinion/DisplayDocument.pdf?content=pdf&seqNo=352043,"Fabick v. Evers, 2021 WI 28 (Mar. 31, 2021)"
1561075,WI,Milwaukee County,55,79,5/8/2021,2,No,Official,https://www.wicourts.gov/sc/opinion/DisplayDocument.pdf?content=pdf&seqNo=352043,"Fabick v. Evers, 2021 WI 28 (Mar. 31, 2021)"
1561076,WI,Milwaukee County,55,79,5/9/2021,2,No,Official,https://www.wicourts.gov/sc/opinion/DisplayDocument.pdf?content=pdf&seqNo=352043,"Fabick v. Evers, 2021 WI 28 (Mar. 31, 2021)"
1561077,WI,Milwaukee County,55,79,5/10/2021,2,No,Official,https://www.wicourts.gov/sc/opinion/DisplayDocument.pdf?content=pdf&seqNo=352043,"Fabick v. Evers, 2021 WI 28 (Mar. 31, 2021)"
1561078,WI,Milwaukee County,55,79,5/11/2021,2,No,Official,https://www.wicourts.gov/sc/opinion/DisplayDocument.pdf?content=pdf&seqNo=352043,"Fabick v. Evers, 2021 WI 28 (Mar. 31, 2021)"
1561079,WI,Milwaukee County,55,79,5/12/2021,2,No,Official,https://www.wicourts.gov/sc/opinion/DisplayDocument.pdf?content=pdf&seqNo=352043,"Fabick v. Evers, 2021 WI 28 (Mar. 31, 2021)"
1561080,WI,Milwaukee County,55,79,5/13/2021,2,No,Official,https://www.wicourts.gov/sc/opinion/DisplayDocument.pdf?content=pdf&seqNo=352043,"Fabick v. Evers, 2021 WI 28 (Mar. 31, 2021)"
1561081,WI,Milwaukee County,55,79,5/14/2021,2,No,Official,https://www.wicourts.gov/sc/opinion/DisplayDocument.pdf?content=pdf&seqNo=352043,"Fabick v. Evers, 2021 WI 28 (Mar. 31, 2021)"
1561082,WI,Milwaukee County,55,79,5/15/2021,2,No,Official,https://www.wicourts.gov/sc/opinion/DisplayDocument.pdf?content=pdf&seqNo=352043,"Fabick v. Evers, 2021 WI 28 (Mar. 31, 2021)"
1561083,WI,Milwaukee County,55,79,5/16/2021,2,No,Official,https://www.wicourts.gov/sc/opinion/DisplayDocument.pdf?content=pdf&seqNo=352043,"Fabick v. Evers, 2021 WI 28 (Mar. 31, 2021)"
1561084,WI,Milwaukee County,55,79,5/17/2021,2,No,Official,https://www.wicourts.gov/sc/opinion/DisplayDocument.pdf?content=pdf&seqNo=352043,"Fabick v. Evers, 2021 WI 28 (Mar. 31, 2021)"
1561085,WI,Milwaukee County,55,79,5/18/2021,2,No,Official,https://www.wicourts.gov/sc/opinion/DisplayDocument.pdf?content=pdf&seqNo=352043,"Fabick v. Evers, 2021 WI 28 (Mar. 31, 2021)"
1561086,WI,Milwaukee County,55,79,5/19/2021,2,No,Official,https://www.wicourts.gov/sc/opinion/DisplayDocument.pdf?content=pdf&seqNo=352043,"Fabick v. Evers, 2021 WI 28 (Mar. 31, 2021)"
1561087,WI,Milwaukee County,55,79,5/20/2021,2,No,Official,https://www.wicourts.gov/sc/opinion/DisplayDocument.pdf?content=pdf&seqNo=352043,"Fabick v. Evers, 2021 WI 28 (Mar. 31, 2021)"
1561088,WI,Milwaukee County,55,79,5/21/2021,2,No,Official,https://www.wicourts.gov/sc/opinion/DisplayDocument.pdf?content=pdf&seqNo=352043,"Fabick v. Evers, 2021 WI 28 (Mar. 31, 2021)"
1561089,WI,Milwaukee County,55,79,5/22/2021,2,No,Official,https://www.wicourts.gov/sc/opinion/DisplayDocument.pdf?content=pdf&seqNo=352043,"Fabick v. Evers, 2021 WI 28 (Mar. 31, 2021)"
1561090,WI,Milwaukee County,55,79,5/23/2021,2,No,Official,https://www.wicourts.gov/sc/opinion/DisplayDocument.pdf?content=pdf&seqNo=352043,"Fabick v. Evers, 2021 WI 28 (Mar. 31, 2021)"
1561091,WI,Milwaukee County,55,79,5/24/2021,2,No,Official,https://www.wicourts.gov/sc/opinion/DisplayDocument.pdf?content=pdf&seqNo=352043,"Fabick v. Evers, 2021 WI 28 (Mar. 31, 2021)"
1561092,WI,Milwaukee County,55,79,5/25/2021,2,No,Official,https://www.wicourts.gov/sc/opinion/DisplayDocument.pdf?content=pdf&seqNo=352043,"Fabick v. Evers, 2021 WI 28 (Mar. 31, 2021)"
1561093,WI,Milwaukee County,55,79,5/26/2021,2,No,Official,https://www.wicourts.gov/sc/opinion/DisplayDocument.pdf?content=pdf&seqNo=352043,"Fabick v. Evers, 2021 WI 28 (Mar. 31, 2021)"
1561094,WI,Milwaukee County,55,79,5/27/2021,2,No,Official,https://www.wicourts.gov/sc/opinion/DisplayDocument.pdf?content=pdf&seqNo=352043,"Fabick v. Evers, 2021 WI 28 (Mar. 31, 2021)"
1561095,WI,Milwaukee County,55,79,5/28/2021,2,No,Official,https://www.wicourts.gov/sc/opinion/DisplayDocument.pdf?content=pdf&seqNo=352043,"Fabick v. Evers, 2021 WI 28 (Mar. 31, 2021)"
1561096,WI,Milwaukee County,55,79,5/29/2021,2,No,Official,https://www.wicourts.gov/sc/opinion/DisplayDocument.pdf?content=pdf&seqNo=352043,"Fabick v. Evers, 2021 WI 28 (Mar. 31, 2021)"
1561097,WI,Milwaukee County,55,79,5/30/2021,2,No,Official,https://www.wicourts.gov/sc/opinion/DisplayDocument.pdf?content=pdf&seqNo=352043,"Fabick v. Evers, 2021 WI 28 (Mar. 31, 2021)"
1561098,WI,Milwaukee County,55,79,5/31/2021,2,No,Official,https://www.wicourts.gov/sc/opinion/DisplayDocument.pdf?content=pdf&seqNo=352043,"Fabick v. Evers, 2021 WI 28 (Mar. 31, 2021)"
1561099,WI,Milwaukee County,55,79,6/1/2021,2,No,Official,https://www.wicourts.gov/sc/opinion/DisplayDocument.pdf?content=pdf&seqNo=352043,"Fabick v. Evers, 2021 WI 28 (Mar. 31, 2021)"
1561100,WI,Milwaukee County,55,79,6/2/2021,2,No,Official,https://www.wicourts.gov/sc/opinion/DisplayDocument.pdf?content=pdf&seqNo=352043,"Fabick v. Evers, 2021 WI 28 (Mar. 31, 2021)"
1561101,WI,Milwaukee County,55,79,6/3/2021,2,No,Official,https://www.wicourts.gov/sc/opinion/DisplayDocument.pdf?content=pdf&seqNo=352043,"Fabick v. Evers, 2021 WI 28 (Mar. 31, 2021)"
1561102,WI,Milwaukee County,55,79,6/4/2021,2,No,Official,https://www.wicourts.gov/sc/opinion/DisplayDocument.pdf?content=pdf&seqNo=352043,"Fabick v. Evers, 2021 WI 28 (Mar. 31, 2021)"
1561103,WI,Milwaukee County,55,79,6/5/2021,2,No,Official,https://www.wicourts.gov/sc/opinion/DisplayDocument.pdf?content=pdf&seqNo=352043,"Fabick v. Evers, 2021 WI 28 (Mar. 31, 2021)"
1561104,WI,Milwaukee County,55,79,6/6/2021,2,No,Official,https://www.wicourts.gov/sc/opinion/DisplayDocument.pdf?content=pdf&seqNo=352043,"Fabick v. Evers, 2021 WI 28 (Mar. 31, 2021)"
1561105,WI,Milwaukee County,55,79,6/7/2021,2,No,Official,https://www.wicourts.gov/sc/opinion/DisplayDocument.pdf?content=pdf&seqNo=352043,"Fabick v. Evers, 2021 WI 28 (Mar. 31, 2021)"
1561106,WI,Milwaukee County,55,79,6/8/2021,2,No,Official,https://www.wicourts.gov/sc/opinion/DisplayDocument.pdf?content=pdf&seqNo=352043,"Fabick v. Evers, 2021 WI 28 (Mar. 31, 2021)"
1561107,WI,Milwaukee County,55,79,6/9/2021,2,No,Official,https://www.wicourts.gov/sc/opinion/DisplayDocument.pdf?content=pdf&seqNo=352043,"Fabick v. Evers, 2021 WI 28 (Mar. 31, 2021)"
1561108,WI,Milwaukee County,55,79,6/10/2021,2,No,Official,https://www.wicourts.gov/sc/opinion/DisplayDocument.pdf?content=pdf&seqNo=352043,"Fabick v. Evers, 2021 WI 28 (Mar. 31, 2021)"
1561109,WI,Milwaukee County,55,79,6/11/2021,2,No,Official,https://www.wicourts.gov/sc/opinion/DisplayDocument.pdf?content=pdf&seqNo=352043,"Fabick v. Evers, 2021 WI 28 (Mar. 31, 2021)"
1561110,WI,Milwaukee County,55,79,6/12/2021,2,No,Official,https://www.wicourts.gov/sc/opinion/DisplayDocument.pdf?content=pdf&seqNo=352043,"Fabick v. Evers, 2021 WI 28 (Mar. 31, 2021)"
1561111,WI,Milwaukee County,55,79,6/13/2021,2,No,Official,https://www.wicourts.gov/sc/opinion/DisplayDocument.pdf?content=pdf&seqNo=352043,"Fabick v. Evers, 2021 WI 28 (Mar. 31, 2021)"
1561112,WI,Milwaukee County,55,79,6/14/2021,2,No,Official,https://www.wicourts.gov/sc/opinion/DisplayDocument.pdf?content=pdf&seqNo=352043,"Fabick v. Evers, 2021 WI 28 (Mar. 31, 2021)"
1561113,WI,Milwaukee County,55,79,6/15/2021,2,No,Official,https://www.wicourts.gov/sc/opinion/DisplayDocument.pdf?content=pdf&seqNo=352043,"Fabick v. Evers, 2021 WI 28 (Mar. 31, 2021)"
1561114,WI,Milwaukee County,55,79,6/16/2021,2,No,Official,https://www.wicourts.gov/sc/opinion/DisplayDocument.pdf?content=pdf&seqNo=352043,"Fabick v. Evers, 2021 WI 28 (Mar. 31, 2021)"
1561115,WI,Milwaukee County,55,79,6/17/2021,2,No,Official,https://www.wicourts.gov/sc/opinion/DisplayDocument.pdf?content=pdf&seqNo=352043,"Fabick v. Evers, 2021 WI 28 (Mar. 31, 2021)"
1561116,WI,Milwaukee County,55,79,6/18/2021,2,No,Official,https://www.wicourts.gov/sc/opinion/DisplayDocument.pdf?content=pdf&seqNo=352043,"Fabick v. Evers, 2021 WI 28 (Mar. 31, 2021)"
1561117,WI,Milwaukee County,55,79,6/19/2021,2,No,Official,https://www.wicourts.gov/sc/opinion/DisplayDocument.pdf?content=pdf&seqNo=352043,"Fabick v. Evers, 2021 WI 28 (Mar. 31, 2021)"
1561118,WI,Milwaukee County,55,79,6/20/2021,2,No,Official,https://www.wicourts.gov/sc/opinion/DisplayDocument.pdf?content=pdf&seqNo=352043,"Fabick v. Evers, 2021 WI 28 (Mar. 31, 2021)"
1561119,WI,Milwaukee County,55,79,6/21/2021,2,No,Official,https://www.wicourts.gov/sc/opinion/DisplayDocument.pdf?content=pdf&seqNo=352043,"Fabick v. Evers, 2021 WI 28 (Mar. 31, 2021)"
1561120,WI,Milwaukee County,55,79,6/22/2021,2,No,Official,https://www.wicourts.gov/sc/opinion/DisplayDocument.pdf?content=pdf&seqNo=352043,"Fabick v. Evers, 2021 WI 28 (Mar. 31, 2021)"
1561121,WI,Milwaukee County,55,79,6/23/2021,2,No,Official,https://www.wicourts.gov/sc/opinion/DisplayDocument.pdf?content=pdf&seqNo=352043,"Fabick v. Evers, 2021 WI 28 (Mar. 31, 2021)"
1561122,WI,Milwaukee County,55,79,6/24/2021,2,No,Official,https://www.wicourts.gov/sc/opinion/DisplayDocument.pdf?content=pdf&seqNo=352043,"Fabick v. Evers, 2021 WI 28 (Mar. 31, 2021)"
1561123,WI,Milwaukee County,55,79,6/25/2021,2,No,Official,https://www.wicourts.gov/sc/opinion/DisplayDocument.pdf?content=pdf&seqNo=352043,"Fabick v. Evers, 2021 WI 28 (Mar. 31, 2021)"
1561124,WI,Milwaukee County,55,79,6/26/2021,2,No,Official,https://www.wicourts.gov/sc/opinion/DisplayDocument.pdf?content=pdf&seqNo=352043,"Fabick v. Evers, 2021 WI 28 (Mar. 31, 2021)"
1561125,WI,Milwaukee County,55,79,6/27/2021,2,No,Official,https://www.wicourts.gov/sc/opinion/DisplayDocument.pdf?content=pdf&seqNo=352043,"Fabick v. Evers, 2021 WI 28 (Mar. 31, 2021)"
1561126,WI,Milwaukee County,55,79,6/28/2021,2,No,Official,https://www.wicourts.gov/sc/opinion/DisplayDocument.pdf?content=pdf&seqNo=352043,"Fabick v. Evers, 2021 WI 28 (Mar. 31, 2021)"
1561127,WI,Milwaukee County,55,79,6/29/2021,2,No,Official,https://www.wicourts.gov/sc/opinion/DisplayDocument.pdf?content=pdf&seqNo=352043,"Fabick v. Evers, 2021 WI 28 (Mar. 31, 2021)"
1561128,WI,Milwaukee County,55,79,6/30/2021,2,No,Official,https://www.wicourts.gov/sc/opinion/DisplayDocument.pdf?content=pdf&seqNo=352043,"Fabick v. Evers, 2021 WI 28 (Mar. 31, 2021)"
1561129,WI,Milwaukee County,55,79,7/1/2021,2,No,Official,https://www.wicourts.gov/sc/opinion/DisplayDocument.pdf?content=pdf&seqNo=352043,"Fabick v. Evers, 2021 WI 28 (Mar. 31, 2021)"
1561130,WI,Milwaukee County,55,79,7/2/2021,2,No,Official,https://www.wicourts.gov/sc/opinion/DisplayDocument.pdf?content=pdf&seqNo=352043,"Fabick v. Evers, 2021 WI 28 (Mar. 31, 2021)"
1561131,WI,Milwaukee County,55,79,7/3/2021,2,No,Official,https://www.wicourts.gov/sc/opinion/DisplayDocument.pdf?content=pdf&seqNo=352043,"Fabick v. Evers, 2021 WI 28 (Mar. 31, 2021)"
1561132,WI,Milwaukee County,55,79,7/4/2021,2,No,Official,https://www.wicourts.gov/sc/opinion/DisplayDocument.pdf?content=pdf&seqNo=352043,"Fabick v. Evers, 2021 WI 28 (Mar. 31, 2021)"
1561133,WI,Milwaukee County,55,79,7/5/2021,2,No,Official,https://www.wicourts.gov/sc/opinion/DisplayDocument.pdf?content=pdf&seqNo=352043,"Fabick v. Evers, 2021 WI 28 (Mar. 31, 2021)"
1561134,WI,Milwaukee County,55,79,7/6/2021,2,No,Official,https://www.wicourts.gov/sc/opinion/DisplayDocument.pdf?content=pdf&seqNo=352043,"Fabick v. Evers, 2021 WI 28 (Mar. 31, 2021)"
1561135,WI,Milwaukee County,55,79,7/7/2021,2,No,Official,https://www.wicourts.gov/sc/opinion/DisplayDocument.pdf?content=pdf&seqNo=352043,"Fabick v. Evers, 2021 WI 28 (Mar. 31, 2021)"
1561136,WI,Milwaukee County,55,79,7/8/2021,2,No,Official,https://www.wicourts.gov/sc/opinion/DisplayDocument.pdf?content=pdf&seqNo=352043,"Fabick v. Evers, 2021 WI 28 (Mar. 31, 2021)"
1561137,WI,Milwaukee County,55,79,7/9/2021,2,No,Official,https://www.wicourts.gov/sc/opinion/DisplayDocument.pdf?content=pdf&seqNo=352043,"Fabick v. Evers, 2021 WI 28 (Mar. 31, 2021)"
1561138,WI,Milwaukee County,55,79,7/10/2021,2,No,Official,https://www.wicourts.gov/sc/opinion/DisplayDocument.pdf?content=pdf&seqNo=352043,"Fabick v. Evers, 2021 WI 28 (Mar. 31, 2021)"
1561139,WI,Milwaukee County,55,79,7/11/2021,2,No,Official,https://www.wicourts.gov/sc/opinion/DisplayDocument.pdf?content=pdf&seqNo=352043,"Fabick v. Evers, 2021 WI 28 (Mar. 31, 2021)"
1561140,WI,Milwaukee County,55,79,7/12/2021,2,No,Official,https://www.wicourts.gov/sc/opinion/DisplayDocument.pdf?content=pdf&seqNo=352043,"Fabick v. Evers, 2021 WI 28 (Mar. 31, 2021)"
1561141,WI,Milwaukee County,55,79,7/13/2021,2,No,Official,https://www.wicourts.gov/sc/opinion/DisplayDocument.pdf?content=pdf&seqNo=352043,"Fabick v. Evers, 2021 WI 28 (Mar. 31, 2021)"
1561142,WI,Milwaukee County,55,79,7/14/2021,2,No,Official,https://www.wicourts.gov/sc/opinion/DisplayDocument.pdf?content=pdf&seqNo=352043,"Fabick v. Evers, 2021 WI 28 (Mar. 31, 2021)"
1561143,WI,Milwaukee County,55,79,7/15/2021,2,No,Official,https://www.wicourts.gov/sc/opinion/DisplayDocument.pdf?content=pdf&seqNo=352043,"Fabick v. Evers, 2021 WI 28 (Mar. 31, 2021)"
1561144,WI,Milwaukee County,55,79,7/16/2021,2,No,Official,https://www.wicourts.gov/sc/opinion/DisplayDocument.pdf?content=pdf&seqNo=352043,"Fabick v. Evers, 2021 WI 28 (Mar. 31, 2021)"
1561145,WI,Milwaukee County,55,79,7/17/2021,2,No,Official,https://www.wicourts.gov/sc/opinion/DisplayDocument.pdf?content=pdf&seqNo=352043,"Fabick v. Evers, 2021 WI 28 (Mar. 31, 2021)"
1561146,WI,Milwaukee County,55,79,7/18/2021,2,No,Official,https://www.wicourts.gov/sc/opinion/DisplayDocument.pdf?content=pdf&seqNo=352043,"Fabick v. Evers, 2021 WI 28 (Mar. 31, 2021)"
1561147,WI,Milwaukee County,55,79,7/19/2021,2,No,Official,https://www.wicourts.gov/sc/opinion/DisplayDocument.pdf?content=pdf&seqNo=352043,"Fabick v. Evers, 2021 WI 28 (Mar. 31, 2021)"
1561148,WI,Milwaukee County,55,79,7/20/2021,2,No,Official,https://www.wicourts.gov/sc/opinion/DisplayDocument.pdf?content=pdf&seqNo=352043,"Fabick v. Evers, 2021 WI 28 (Mar. 31, 2021)"
1561149,WI,Milwaukee County,55,79,7/21/2021,2,No,Official,https://www.wicourts.gov/sc/opinion/DisplayDocument.pdf?content=pdf&seqNo=352043,"Fabick v. Evers, 2021 WI 28 (Mar. 31, 2021)"
1561150,WI,Milwaukee County,55,79,7/22/2021,2,No,Official,https://www.wicourts.gov/sc/opinion/DisplayDocument.pdf?content=pdf&seqNo=352043,"Fabick v. Evers, 2021 WI 28 (Mar. 31, 2021)"
1561151,WI,Milwaukee County,55,79,7/23/2021,2,No,Official,https://www.wicourts.gov/sc/opinion/DisplayDocument.pdf?content=pdf&seqNo=352043,"Fabick v. Evers, 2021 WI 28 (Mar. 31, 2021)"
1561152,WI,Milwaukee County,55,79,7/24/2021,2,No,Official,https://www.wicourts.gov/sc/opinion/DisplayDocument.pdf?content=pdf&seqNo=352043,"Fabick v. Evers, 2021 WI 28 (Mar. 31, 2021)"
1561153,WI,Milwaukee County,55,79,7/25/2021,2,No,Official,https://www.wicourts.gov/sc/opinion/DisplayDocument.pdf?content=pdf&seqNo=352043,"Fabick v. Evers, 2021 WI 28 (Mar. 31, 2021)"
1561154,WI,Milwaukee County,55,79,7/26/2021,2,No,Official,https://www.wicourts.gov/sc/opinion/DisplayDocument.pdf?content=pdf&seqNo=352043,"Fabick v. Evers, 2021 WI 28 (Mar. 31, 2021)"
1561155,WI,Milwaukee County,55,79,7/27/2021,2,No,Official,https://www.wicourts.gov/sc/opinion/DisplayDocument.pdf?content=pdf&seqNo=352043,"Fabick v. Evers, 2021 WI 28 (Mar. 31, 2021)"
1561156,WI,Milwaukee County,55,79,7/28/2021,2,No,Official,https://www.wicourts.gov/sc/opinion/DisplayDocument.pdf?content=pdf&seqNo=352043,"Fabick v. Evers, 2021 WI 28 (Mar. 31, 2021)"
1561157,WI,Milwaukee County,55,79,7/29/2021,2,No,Official,https://www.wicourts.gov/sc/opinion/DisplayDocument.pdf?content=pdf&seqNo=352043,"Fabick v. Evers, 2021 WI 28 (Mar. 31, 2021)"
1561158,WI,Milwaukee County,55,79,7/30/2021,2,No,Official,https://www.wicourts.gov/sc/opinion/DisplayDocument.pdf?content=pdf&seqNo=352043,"Fabick v. Evers, 2021 WI 28 (Mar. 31, 2021)"
1561159,WI,Milwaukee County,55,79,7/31/2021,2,No,Official,https://www.wicourts.gov/sc/opinion/DisplayDocument.pdf?content=pdf&seqNo=352043,"Fabick v. Evers, 2021 WI 28 (Mar. 31, 2021)"
1561160,WI,Milwaukee County,55,79,8/1/2021,2,No,Official,https://www.wicourts.gov/sc/opinion/DisplayDocument.pdf?content=pdf&seqNo=352043,"Fabick v. Evers, 2021 WI 28 (Mar. 31, 2021)"
1561161,WI,Milwaukee County,55,79,8/2/2021,2,No,Official,https://www.wicourts.gov/sc/opinion/DisplayDocument.pdf?content=pdf&seqNo=352043,"Fabick v. Evers, 2021 WI 28 (Mar. 31, 2021)"
1561162,WI,Milwaukee County,55,79,8/3/2021,2,No,Official,https://www.wicourts.gov/sc/opinion/DisplayDocument.pdf?content=pdf&seqNo=352043,"Fabick v. Evers, 2021 WI 28 (Mar. 31, 2021)"
1561163,WI,Milwaukee County,55,79,8/4/2021,2,No,Official,https://www.wicourts.gov/sc/opinion/DisplayDocument.pdf?content=pdf&seqNo=352043,"Fabick v. Evers, 2021 WI 28 (Mar. 31, 2021)"
1561164,WI,Milwaukee County,55,79,8/5/2021,2,No,Official,https://www.wicourts.gov/sc/opinion/DisplayDocument.pdf?content=pdf&seqNo=352043,"Fabick v. Evers, 2021 WI 28 (Mar. 31, 2021)"
1561165,WI,Milwaukee County,55,79,8/6/2021,2,No,Official,https://www.wicourts.gov/sc/opinion/DisplayDocument.pdf?content=pdf&seqNo=352043,"Fabick v. Evers, 2021 WI 28 (Mar. 31, 2021)"
1561166,WI,Milwaukee County,55,79,8/7/2021,2,No,Official,https://www.wicourts.gov/sc/opinion/DisplayDocument.pdf?content=pdf&seqNo=352043,"Fabick v. Evers, 2021 WI 28 (Mar. 31, 2021)"
1561167,WI,Milwaukee County,55,79,8/8/2021,2,No,Official,https://www.wicourts.gov/sc/opinion/DisplayDocument.pdf?content=pdf&seqNo=352043,"Fabick v. Evers, 2021 WI 28 (Mar. 31, 2021)"
1561168,WI,Milwaukee County,55,79,8/9/2021,2,No,Official,https://www.wicourts.gov/sc/opinion/DisplayDocument.pdf?content=pdf&seqNo=352043,"Fabick v. Evers, 2021 WI 28 (Mar. 31, 2021)"
1561169,WI,Milwaukee County,55,79,8/10/2021,2,No,Official,https://www.wicourts.gov/sc/opinion/DisplayDocument.pdf?content=pdf&seqNo=352043,"Fabick v. Evers, 2021 WI 28 (Mar. 31, 2021)"
1561170,WI,Milwaukee County,55,79,8/11/2021,2,No,Official,https://www.wicourts.gov/sc/opinion/DisplayDocument.pdf?content=pdf&seqNo=352043,"Fabick v. Evers, 2021 WI 28 (Mar. 31, 2021)"
1561171,WI,Milwaukee County,55,79,8/12/2021,2,No,Official,https://www.wicourts.gov/sc/opinion/DisplayDocument.pdf?content=pdf&seqNo=352043,"Fabick v. Evers, 2021 WI 28 (Mar. 31, 2021)"
1561172,WI,Milwaukee County,55,79,8/13/2021,2,No,Official,https://www.wicourts.gov/sc/opinion/DisplayDocument.pdf?content=pdf&seqNo=352043,"Fabick v. Evers, 2021 WI 28 (Mar. 31, 2021)"
1561173,WI,Milwaukee County,55,79,8/14/2021,2,No,Official,https://www.wicourts.gov/sc/opinion/DisplayDocument.pdf?content=pdf&seqNo=352043,"Fabick v. Evers, 2021 WI 28 (Mar. 31, 2021)"
1561174,WI,Milwaukee County,55,79,8/15/2021,2,No,Official,https://www.wicourts.gov/sc/opinion/DisplayDocument.pdf?content=pdf&seqNo=352043,"Fabick v. Evers, 2021 WI 28 (Mar. 31, 2021)"
